-- MySQL dump 10.13  Distrib 8.0.27, for Win64 (x86_64)
--
-- Host: 66.23.225.212    Database: acos
-- ------------------------------------------------------
-- Server version	8.0.27

/*!40101 SET @OLD_CHARACTER_SET_CLIENT=@@CHARACTER_SET_CLIENT */;
/*!40101 SET @OLD_CHARACTER_SET_RESULTS=@@CHARACTER_SET_RESULTS */;
/*!40101 SET @OLD_COLLATION_CONNECTION=@@COLLATION_CONNECTION */;
/*!50503 SET NAMES utf8 */;
/*!40103 SET @OLD_TIME_ZONE=@@TIME_ZONE */;
/*!40103 SET TIME_ZONE='+00:00' */;
/*!40014 SET @OLD_UNIQUE_CHECKS=@@UNIQUE_CHECKS, UNIQUE_CHECKS=0 */;
/*!40014 SET @OLD_FOREIGN_KEY_CHECKS=@@FOREIGN_KEY_CHECKS, FOREIGN_KEY_CHECKS=0 */;
/*!40101 SET @OLD_SQL_MODE=@@SQL_MODE, SQL_MODE='NO_AUTO_VALUE_ON_ZERO' */;
/*!40111 SET @OLD_SQL_NOTES=@@SQL_NOTES, SQL_NOTES=0 */;

--
-- Table structure for table `avatar`
--

DROP TABLE IF EXISTS `avatar`;
/*!40101 SET @saved_cs_client     = @@character_set_client */;
/*!50503 SET character_set_client = utf8mb4 */;
CREATE TABLE `avatar` (
  `id` int NOT NULL,
  `filename` varchar(64) NOT NULL,
  `info` varchar(300) DEFAULT NULL,
  `link` varchar(255) DEFAULT NULL,
  `tsinsert` datetime NOT NULL,
  `tsupdate` datetime NOT NULL,
  PRIMARY KEY (`id`)
) ENGINE=InnoDB DEFAULT CHARSET=utf8mb3;
/*!40101 SET character_set_client = @saved_cs_client */;

--
-- Dumping data for table `avatar`
--

LOCK TABLES `avatar` WRITE;
/*!40000 ALTER TABLE `avatar` DISABLE KEYS */;
/*!40000 ALTER TABLE `avatar` ENABLE KEYS */;
UNLOCK TABLES;

--
-- Table structure for table `game_dev`
--

DROP TABLE IF EXISTS `game_dev`;
/*!40101 SET @saved_cs_client     = @@character_set_client */;
/*!50503 SET character_set_client = utf8mb4 */;
CREATE TABLE `game_dev` (
  `gameid` bigint NOT NULL,
  `ownerid` bigint NOT NULL,
  `role` int NOT NULL DEFAULT '0',
  `apikey` varchar(64) NOT NULL,
  `tsinsert` datetime NOT NULL DEFAULT CURRENT_TIMESTAMP,
  `tsupdate` datetime NOT NULL DEFAULT CURRENT_TIMESTAMP,
  PRIMARY KEY (`gameid`,`ownerid`)
) ENGINE=InnoDB DEFAULT CHARSET=utf8mb3;
/*!40101 SET character_set_client = @saved_cs_client */;

--
-- Dumping data for table `game_dev`
--

LOCK TABLES `game_dev` WRITE;
/*!40000 ALTER TABLE `game_dev` DISABLE KEYS */;
INSERT INTO `game_dev` VALUES (6883316330875846656,6883189193246244864,0,'81745619D01D48AAA010AC571F0535E7','2022-01-02 08:01:39','2022-01-02 08:01:39'),(6883965997372407808,6883189193246244864,0,'A0AFBF0DC6404103B901B9C54DE01634','2022-01-04 03:03:11','2022-01-04 03:03:11'),(6885862772597325824,6883189193246244864,0,'76D3D56BC6074179B5A0B68E1A156E43','2022-01-09 08:40:18','2022-02-27 06:46:50'),(6890523685078171648,6883189193246244864,0,'929106C403AD47AE98D1007AE7AE3BFA','2022-01-22 05:21:06','2022-01-22 05:21:06'),(6897401092431151104,6883189193246244864,0,'C648482765014BF79B9AA74418E1C500','2022-02-10 04:49:27','2022-02-10 04:49:27'),(6909303428644601856,6883189193246244864,0,'8E94921E9E91459CBA84EC803479181A','2022-03-15 01:05:06','2022-03-15 01:05:06'),(6915802587539177472,6883189193246244864,0,'0845BF8E394F4C3FB61FE81EBA4294B8','2022-04-01 23:30:26','2022-04-01 23:30:26');
/*!40000 ALTER TABLE `game_dev` ENABLE KEYS */;
UNLOCK TABLES;

--
-- Table structure for table `game_error`
--

DROP TABLE IF EXISTS `game_error`;
/*!40101 SET @saved_cs_client     = @@character_set_client */;
/*!50503 SET character_set_client = utf8mb4 */;
CREATE TABLE `game_error` (
  `gameid` bigint NOT NULL,
  `version` int NOT NULL,
  `count` int NOT NULL DEFAULT '0',
  `type` varchar(64) DEFAULT NULL,
  `title` varchar(512) DEFAULT NULL,
  `body` varchar(1000) DEFAULT NULL,
  `tsupdate` datetime NOT NULL,
  `tsinsert` datetime NOT NULL,
  UNIQUE KEY `body_index` (`body`,`version`,`gameid`),
  KEY `gameid_version_index` (`gameid`,`version`) /*!80000 INVISIBLE */,
  KEY `gameid_index` (`gameid`),
  KEY `primary_index` (`gameid`,`version`,`body`)
) ENGINE=InnoDB DEFAULT CHARSET=utf8mb3;
/*!40101 SET character_set_client = @saved_cs_client */;

--
-- Dumping data for table `game_error`
--

LOCK TABLES `game_error` WRITE;
/*!40000 ALTER TABLE `game_error` DISABLE KEYS */;
INSERT INTO `game_error` VALUES (6883316330875846656,4,0,'TypeError','Cannot read properties of undefined (reading \'1\')','    at Object.onPick (vm.js:1:3094)\n    at vm.js:1:4736\n    at Object.on (vm.js:1:938)\n    at vm.js:1:4720\n    at vm.js:1:4760','2022-01-09 01:09:21','2022-01-09 01:09:21'),(6885862772597325824,1,1,'TypeError','Cannot read properties of undefined (reading \'length\')','    at Object.processNextQuestion (vm.js:1:3721)\n    at Object.nextQuestion (vm.js:1:2780)\n    at Object.nextRound (vm.js:1:3086)\n    at Object.startGame (vm.js:1:2650)\n    at Object.onNewGame (vm.js:1:2575)\n    at vm.js:1:4541\n    at Object.on (vm.js:1:938)\n    at vm.js:1:4520\n    at vm.js:1:4690','2022-01-10 02:14:01','2022-01-10 02:14:01'),(6883965997372407808,4,1,'TypeError','Cannot read properties of undefined (reading \'0\')','    at Object.onPick (vm.js:1:3525)\n    at vm.js:1:4921\n    at Object.on (vm.js:1:938)\n    at vm.js:1:4905\n    at vm.js:1:4945','2022-01-10 20:40:39','2022-01-10 20:40:39'),(6883316330875846656,6,2,'TypeError','Cannot read properties of undefined (reading \'0\')','    at Object.onPick (vm.js:1:3094)\n    at vm.js:1:4736\n    at Object.on (vm.js:1:938)\n    at vm.js:1:4720\n    at vm.js:1:4760','2022-02-11 07:18:22','2022-02-11 07:18:22'),(6885862772597325824,12,4,'TypeError','Cannot read properties of undefined (reading \'length\')','    at Object.onPick (vm.js:1:3398)\n    at vm.js:1:4701\n    at Object.on (vm.js:1:938)\n    at vm.js:1:4685\n    at vm.js:1:4725','2022-02-11 22:39:33','2022-02-11 22:39:33'),(6883965997372407808,8,0,'TypeError','Cannot read properties of undefined (reading \'2\')','    at Object.onPick (vm.js:1:3533)\n    at vm.js:1:4904\n    at Object.on (vm.js:1:938)\n    at vm.js:1:4888\n    at vm.js:1:4928','2022-02-11 23:24:03','2022-02-11 23:24:03'),(6890523685078171648,8,1,'TypeError','Cannot read properties of undefined (reading \'4\')','    at Object.onPick (vm.js:1:3094)\n    at vm.js:1:4736\n    at Object.on (vm.js:1:938)\n    at vm.js:1:4720\n    at vm.js:1:4760','2022-02-11 23:25:22','2022-02-11 23:25:22'),(6890523685078171648,8,0,'SyntaxError','Unexpected token (1:5105)','','2022-02-27 05:42:21','2022-02-27 05:42:21'),(6909303428644601856,1,15,'TypeError','Cannot set properties of undefined (setting \'rank\')','    at Object.setWinner (vm.js:1:3798)\n    at Object.playerLeave (vm.js:1:2988)\n    at Object.onLeave (vm.js:1:2945)\n    at vm.js:1:4012\n    at Object.on (vm.js:1:1154)\n    at vm.js:1:3995\n    at vm.js:1:4067\n    at VM.runScript (/home/acosg/platform/gameserver/node_modules/vm2/lib/vm.js:285:18)\n    at /home/acosg/platform/gameserver/node_modules/vm2/lib/vm.js:507:16','2022-03-26 05:32:59','2022-03-26 05:32:59');
/*!40000 ALTER TABLE `game_error` ENABLE KEYS */;
UNLOCK TABLES;

--
-- Table structure for table `game_info`
--

DROP TABLE IF EXISTS `game_info`;
/*!40101 SET @saved_cs_client     = @@character_set_client */;
/*!50503 SET character_set_client = utf8mb4 */;
CREATE TABLE `game_info` (
  `gameid` bigint NOT NULL,
  `game_slug` varchar(32) DEFAULT NULL,
  `name` varchar(64) NOT NULL,
  `version` int DEFAULT NULL,
  `db` tinyint DEFAULT NULL,
  `visible` int NOT NULL DEFAULT '1',
  `latest_version` int DEFAULT NULL,
  `ownerid` bigint NOT NULL,
  `minplayers` int NOT NULL DEFAULT '2',
  `maxplayers` int NOT NULL DEFAULT '2',
  `lbscore` tinyint NOT NULL DEFAULT '0',
  `teams` varchar(255) DEFAULT NULL,
  `shortdesc` varchar(120) DEFAULT NULL,
  `longdesc` varchar(5000) DEFAULT NULL,
  `opensource` tinyint DEFAULT NULL,
  `template` varchar(32) DEFAULT NULL,
  `preview_images` varchar(255) DEFAULT NULL,
  `videourl` varchar(255) DEFAULT NULL,
  `genre` varchar(45) DEFAULT NULL,
  `votes` int NOT NULL DEFAULT '0',
  `status` int NOT NULL,
  `tsupdate` datetime NOT NULL,
  `tsinsert` datetime NOT NULL,
  PRIMARY KEY (`gameid`),
  UNIQUE KEY `name_UNIQUE` (`name`),
  UNIQUE KEY `idversion_UNIQUE` (`gameid`,`version`),
  UNIQUE KEY `game_slug_UNIQUE` (`game_slug`),
  KEY `game_slug_INDEX` (`game_slug`) /*!80000 INVISIBLE */
) ENGINE=InnoDB DEFAULT CHARSET=utf8mb3;
/*!40101 SET character_set_client = @saved_cs_client */;

--
-- Dumping data for table `game_info`
--

LOCK TABLES `game_info` WRITE;
/*!40000 ALTER TABLE `game_info` DISABLE KEYS */;
INSERT INTO `game_info` VALUES (6883316330875846656,'tictactoe','Tic Tac Toe',6,NULL,1,6,6883189193246244864,2,2,0,NULL,'Classic game of X and O on a 9 square grid','Connect three in a row to win!',1,NULL,'QGNPJ8.png',NULL,NULL,0,3,'2022-01-13 04:22:57','2022-01-02 08:01:39'),(6883965997372407808,'advtictactoe','Advanced Tic Tac Toe',8,NULL,0,8,6883189193246244864,2,2,0,NULL,'Take over a spot if you have a larger number','The rules are simple.\n\nYou have 9 numbers, and each can be played one time.\n\nIf you put a number down.  The opponent can steal the spot if they place a larger number.\n\n3 in a row wins the game.',0,NULL,'DN8D8W.png',NULL,NULL,0,3,'2022-02-26 07:29:14','2022-01-04 03:03:11'),(6885862772597325824,'anime-trivia-simple','Anime Trivia',13,NULL,1,13,6883189193246244864,2,10,0,NULL,'Test your knowledge of Anime!  ','Play 10 rounds of Anime Trivia and try to become the top anime fan.\n\nEach correct answer is 10 points\n\nEach incorrect answer is -2 points\n\nGood luck!',1,'0','NTMQDQ.png',NULL,NULL,0,3,'2022-02-27 06:47:19','2022-01-09 08:40:18'),(6890523685078171648,'checkers','Checkers',8,NULL,1,8,6883189193246244864,2,2,0,NULL,'Classic game of checkers','You have 30 seconds per turn to dominate your opponent.  \n\nEat all the other player\'s pieces and you win!',1,'tictactoe','HDHG9P.png',NULL,NULL,0,3,'2022-01-23 06:20:23','2022-01-22 05:21:06'),(6897401092431151104,'wordle-battle','Wordle Battle',0,NULL,1,0,6883189193246244864,2,2,0,NULL,'Battle up to 5 opponents to conquer the Wordle',NULL,NULL,'anime-trivia-simple',NULL,NULL,NULL,0,1,'2022-02-10 04:49:27','2022-02-10 04:49:27'),(6909303428644601856,'memorize-up','Memorize Up',1,NULL,1,1,6883189193246244864,1,1,1,NULL,'Attempt to memorize the notes for as long as you can go','Play back the notes shown to you as it grows by a note every time you repeat back the pattern correctly.  \n\nHow long can you go? \n\nSync your memory to the beat and break some records! ',1,'tictactoe','WMNQBD.png',NULL,NULL,0,3,'2022-03-29 21:46:40','2022-03-15 01:05:06'),(6915802587539177472,'glass-bridge','Glass Bridge',0,NULL,1,0,6883189193246244864,2,2,0,NULL,'Are you psychic?  How far can you guess the right path before you are no more?',NULL,NULL,'memorize-up',NULL,NULL,NULL,0,1,'2022-04-01 23:30:26','2022-04-01 23:30:26');
/*!40000 ALTER TABLE `game_info` ENABLE KEYS */;
UNLOCK TABLES;

--
-- Table structure for table `game_modes`
--

DROP TABLE IF EXISTS `game_modes`;
/*!40101 SET @saved_cs_client     = @@character_set_client */;
/*!50503 SET character_set_client = utf8mb4 */;
CREATE TABLE `game_modes` (
  `mode_id` int NOT NULL,
  `name` varchar(45) NOT NULL,
  `data` varchar(255) DEFAULT NULL,
  `tsupdate` datetime NOT NULL,
  `tsinsert` datetime NOT NULL,
  PRIMARY KEY (`mode_id`),
  UNIQUE KEY `name_UNIQUE` (`name`)
) ENGINE=InnoDB DEFAULT CHARSET=utf8mb3;
/*!40101 SET character_set_client = @saved_cs_client */;

--
-- Dumping data for table `game_modes`
--

LOCK TABLES `game_modes` WRITE;
/*!40000 ALTER TABLE `game_modes` DISABLE KEYS */;
INSERT INTO `game_modes` VALUES (0,'experimental',NULL,'2021-09-23 02:40:36','2021-09-23 02:40:36'),(1,'rank','{\"threshold\":400, \"delta\":50, \"retryDelay\":100}','2021-09-23 02:40:36','2021-09-23 02:40:36'),(2,'public',NULL,'2021-09-23 02:40:36','2021-09-23 02:40:36'),(3,'private',NULL,'2021-09-23 02:40:36','2021-09-23 02:40:36');
/*!40000 ALTER TABLE `game_modes` ENABLE KEYS */;
UNLOCK TABLES;

--
-- Table structure for table `game_review`
--

DROP TABLE IF EXISTS `game_review`;
/*!40101 SET @saved_cs_client     = @@character_set_client */;
/*!50503 SET character_set_client = utf8mb4 */;
CREATE TABLE `game_review` (
  `game_slug` varchar(32) NOT NULL,
  `shortid` varchar(10) NOT NULL,
  `vote` tinyint DEFAULT NULL,
  `report` int DEFAULT NULL,
  `tsupdate` datetime NOT NULL,
  `tsinsert` datetime NOT NULL,
  PRIMARY KEY (`game_slug`,`shortid`),
  KEY `reporttype_index` (`game_slug`,`shortid`,`report`),
  KEY `game_slug_index` (`game_slug`),
  KEY `game_like_index` (`game_slug`,`vote`)
) ENGINE=InnoDB DEFAULT CHARSET=utf8mb3;
/*!40101 SET character_set_client = @saved_cs_client */;

--
-- Dumping data for table `game_review`
--

LOCK TABLES `game_review` WRITE;
/*!40000 ALTER TABLE `game_review` DISABLE KEYS */;
INSERT INTO `game_review` VALUES ('advtictactoe','xdZmv',1,NULL,'2022-01-10 04:30:13','2022-01-10 04:30:13'),('anime-trivia-simple','H8g81',1,NULL,'2022-02-11 21:42:05','2022-02-11 21:42:04'),('anime-trivia-simple','ouYLK',1,NULL,'2022-01-18 04:03:18','2022-01-18 04:03:18'),('checkers','IEeNT',1,NULL,'2022-02-11 23:29:04','2022-02-11 23:29:04'),('memorize-up','ouYLK',1,NULL,'2022-03-30 03:33:31','2022-03-30 03:33:31'),('memorize-up','Z09zL',1,NULL,'2022-03-26 21:07:29','2022-03-26 21:07:29'),('tictactoe','3QZzC',1,NULL,'2022-01-18 06:05:49','2022-01-18 06:05:49'),('tictactoe','iir4R',1,NULL,'2022-01-21 00:43:38','2022-01-21 00:43:38'),('tictactoe','xdZmv',1,NULL,'2022-01-10 04:29:50','2022-01-10 04:29:50'),('tictactoe','yY0rS',1,NULL,'2022-01-21 03:39:54','2022-01-21 03:39:54');
/*!40000 ALTER TABLE `game_review` ENABLE KEYS */;
UNLOCK TABLES;

--
-- Table structure for table `game_room`
--

DROP TABLE IF EXISTS `game_room`;
/*!40101 SET @saved_cs_client     = @@character_set_client */;
/*!50503 SET character_set_client = utf8mb4 */;
CREATE TABLE `game_room` (
  `room_slug` varchar(32) CHARACTER SET utf8 COLLATE utf8_general_ci NOT NULL,
  `game_slug` varchar(32) CHARACTER SET utf8 COLLATE utf8_general_ci NOT NULL,
  `gameid` bigint NOT NULL,
  `version` int NOT NULL,
  `db` tinyint DEFAULT NULL,
  `latest_tsupdate` datetime DEFAULT NULL,
  `minplayers` int NOT NULL DEFAULT '2',
  `maxplayers` int NOT NULL DEFAULT '2',
  `teams` varchar(255) DEFAULT NULL,
  `mode` int DEFAULT '0',
  `rating` int DEFAULT '0',
  `lbscore` tinyint DEFAULT '0',
  `owner` varchar(32) DEFAULT NULL,
  `isfull` tinyint NOT NULL DEFAULT '0',
  `isprivate` tinyint NOT NULL DEFAULT '0',
  `private_key` varchar(16) CHARACTER SET utf8 COLLATE utf8_general_ci DEFAULT NULL,
  `tsupdate` datetime NOT NULL,
  `tsinsert` datetime NOT NULL,
  `preview_images` varchar(255) DEFAULT NULL,
  PRIMARY KEY (`room_slug`),
  KEY `room_slug_index` (`room_slug`) /*!80000 INVISIBLE */,
  KEY `game_slug_index` (`game_slug`),
  KEY `gameid_index` (`gameid`)
) ENGINE=InnoDB DEFAULT CHARSET=utf32;
/*!40101 SET character_set_client = @saved_cs_client */;

--
-- Dumping data for table `game_room`
--

LOCK TABLES `game_room` WRITE;
/*!40000 ALTER TABLE `game_room` DISABLE KEYS */;
INSERT INTO `game_room` VALUES ('8KLDCH','anime-trivia-simple',6885862772597325824,13,1,'2022-02-27 06:47:19',2,10,NULL,1,2793,0,'ouYLK',0,0,NULL,'2022-03-30 03:30:42','2022-03-30 03:30:42',NULL),('C787HD','anime-trivia-simple',6885862772597325824,13,1,'2022-02-27 06:47:19',2,10,NULL,1,2793,0,'ouYLK',0,0,NULL,'2022-03-30 03:30:21','2022-03-30 03:30:21',NULL),('HFGLMC','anime-trivia-simple',6885862772597325824,13,1,'2022-02-27 06:47:19',2,10,NULL,1,2793,0,'ouYLK',0,0,NULL,'2022-03-30 02:40:46','2022-03-30 02:40:46',NULL),('HWJ7LT','anime-trivia-simple',6885862772597325824,13,1,'2022-02-27 06:47:19',2,10,NULL,1,2793,0,'ouYLK',0,0,NULL,'2022-03-30 03:31:49','2022-03-30 03:31:49',NULL),('JT8NWD','anime-trivia-simple',6885862772597325824,13,1,'2022-02-27 06:47:19',2,10,NULL,1,2793,0,'ouYLK',0,0,NULL,'2022-03-30 03:31:53','2022-03-30 03:31:53',NULL),('L8HC6W','anime-trivia-simple',6885862772597325824,13,1,'2022-02-27 06:47:19',2,10,NULL,1,2793,0,'ouYLK',0,0,NULL,'2022-03-30 03:31:57','2022-03-30 03:31:57',NULL),('LHK6PH','anime-trivia-simple',6885862772597325824,13,1,'2022-02-27 06:47:19',2,10,NULL,1,2793,0,'ouYLK',0,0,NULL,'2022-03-30 02:40:53','2022-03-30 02:40:53',NULL),('LLJC9K','memorize-up',6909303428644601856,1,0,'2022-03-29 21:46:40',1,1,NULL,1,2500,1,'EWB1h',0,0,NULL,'2022-03-30 03:58:57','2022-03-30 03:58:57',NULL),('PGLHQM','memorize-up',6909303428644601856,1,0,'2022-03-28 03:19:31',1,1,NULL,1,2500,1,'eOYXS',0,0,NULL,'2022-03-28 11:31:35','2022-03-28 11:31:35',NULL),('PHKQ9R','anime-trivia-simple',6885862772597325824,13,1,'2022-02-27 06:47:19',2,10,NULL,1,2793,0,'ouYLK',0,0,NULL,'2022-03-30 03:31:51','2022-03-30 03:31:51',NULL),('QTQMR8','memorize-up',6909303428644601856,1,0,'2022-03-28 03:19:31',1,1,NULL,1,2500,1,'1EpZ2',0,0,NULL,'2022-03-28 09:01:45','2022-03-28 09:01:45',NULL),('RNWLPD','anime-trivia-simple',6885862772597325824,13,1,'2022-02-27 06:47:19',2,10,NULL,1,2793,0,'ouYLK',0,0,NULL,'2022-03-30 02:49:48','2022-03-30 02:49:48',NULL),('RWF9GL','anime-trivia-simple',6885862772597325824,13,1,'2022-02-27 06:47:19',2,10,NULL,1,2793,0,'ouYLK',0,0,NULL,'2022-03-30 03:29:59','2022-03-30 03:29:59',NULL);
/*!40000 ALTER TABLE `game_room` ENABLE KEYS */;
UNLOCK TABLES;

--
-- Table structure for table `game_status`
--

DROP TABLE IF EXISTS `game_status`;
/*!40101 SET @saved_cs_client     = @@character_set_client */;
/*!50503 SET character_set_client = utf8mb4 */;
CREATE TABLE `game_status` (
  `id` int NOT NULL,
  `name` varchar(45) DEFAULT NULL,
  PRIMARY KEY (`id`)
) ENGINE=InnoDB DEFAULT CHARSET=utf8mb3;
/*!40101 SET character_set_client = @saved_cs_client */;

--
-- Dumping data for table `game_status`
--

LOCK TABLES `game_status` WRITE;
/*!40000 ALTER TABLE `game_status` DISABLE KEYS */;
INSERT INTO `game_status` VALUES (1,'Draft'),(2,'Test'),(3,'Production'),(4,'Archive'),(5,'Suspended'),(6,'Private');
/*!40000 ALTER TABLE `game_status` ENABLE KEYS */;
UNLOCK TABLES;

--
-- Table structure for table `game_version`
--

DROP TABLE IF EXISTS `game_version`;
/*!40101 SET @saved_cs_client     = @@character_set_client */;
/*!50503 SET character_set_client = utf8mb4 */;
CREATE TABLE `game_version` (
  `gameid` bigint NOT NULL,
  `version` int DEFAULT NULL,
  `db` tinyint DEFAULT '0',
  `scaled` tinyint NOT NULL DEFAULT '0',
  `screentype` int NOT NULL DEFAULT '3',
  `resow` int NOT NULL DEFAULT '4',
  `resoh` int NOT NULL DEFAULT '4',
  `screenwidth` int NOT NULL DEFAULT '1920',
  `status` int NOT NULL,
  `tsupdate` datetime NOT NULL,
  `tsinsert` datetime NOT NULL,
  UNIQUE KEY `gameid_version_unique` (`gameid`,`version`),
  KEY `gameid_version_index` (`gameid`,`version`)
) ENGINE=InnoDB DEFAULT CHARSET=utf8mb3;
/*!40101 SET character_set_client = @saved_cs_client */;

--
-- Dumping data for table `game_version`
--

LOCK TABLES `game_version` WRITE;
/*!40000 ALTER TABLE `game_version` DISABLE KEYS */;
INSERT INTO `game_version` VALUES (6883316330875846656,1,0,1,3,4,4,1920,2,'2022-01-02 17:39:57','2022-01-02 17:39:57'),(6883316330875846656,2,0,1,3,4,4,1920,2,'2022-01-02 17:43:56','2022-01-02 17:43:56'),(6883316330875846656,3,0,1,3,4,4,1920,2,'2022-01-02 17:44:06','2022-01-02 17:44:06'),(6883316330875846656,4,0,1,3,4,4,1920,2,'2022-01-02 17:44:18','2022-01-02 17:44:18'),(6883965997372407808,1,0,0,3,4,4,1200,2,'2022-01-09 06:40:39','2022-01-09 06:40:39'),(6883965997372407808,2,0,0,3,4,4,1200,2,'2022-01-09 06:41:21','2022-01-09 06:41:21'),(6883965997372407808,3,0,0,3,4,4,1200,2,'2022-01-09 06:53:55','2022-01-09 06:53:55'),(6883965997372407808,4,0,0,3,4,4,1200,2,'2022-01-09 06:54:12','2022-01-09 06:54:12'),(6885862772597325824,1,1,0,1,4,4,1200,2,'2022-01-10 02:00:08','2022-01-10 02:00:08'),(6885862772597325824,2,1,0,1,4,4,1200,2,'2022-01-10 02:49:15','2022-01-10 02:49:15'),(6885862772597325824,3,1,0,1,4,4,1200,2,'2022-01-10 03:13:49','2022-01-10 03:13:49'),(6885862772597325824,4,1,0,1,4,4,1200,2,'2022-01-10 03:16:24','2022-01-10 03:16:24'),(6885862772597325824,5,1,0,1,4,4,1200,2,'2022-01-10 03:18:14','2022-01-10 03:18:14'),(6883316330875846656,5,0,0,3,4,4,600,2,'2022-01-11 01:28:31','2022-01-11 01:28:31'),(6883965997372407808,5,0,0,3,4,4,600,2,'2022-01-11 01:29:44','2022-01-11 01:29:44'),(6885862772597325824,6,1,0,1,4,4,1200,2,'2022-01-11 03:30:35','2022-01-11 03:30:35'),(6883965997372407808,6,0,0,3,4,4,600,2,'2022-01-11 03:31:24','2022-01-11 03:31:24'),(6885862772597325824,7,1,0,1,4,4,1200,2,'2022-01-11 06:03:47','2022-01-11 06:03:47'),(6885862772597325824,8,1,0,1,4,4,1200,2,'2022-01-11 06:32:47','2022-01-11 06:32:47'),(6885862772597325824,9,1,0,1,4,4,1200,2,'2022-01-11 06:42:36','2022-01-11 06:42:36'),(6885862772597325824,10,1,0,1,4,4,1200,2,'2022-01-11 06:45:40','2022-01-11 06:45:40'),(6883316330875846656,6,0,0,3,4,4,600,2,'2022-01-13 04:21:03','2022-01-13 04:21:03'),(6883965997372407808,7,0,0,3,4,4,600,2,'2022-01-13 04:21:31','2022-01-13 04:21:31'),(6885862772597325824,11,1,0,1,4,4,1200,2,'2022-01-13 04:21:50','2022-01-13 04:21:50'),(6883965997372407808,8,0,0,3,4,4,600,2,'2022-01-13 04:59:24','2022-01-13 04:59:24'),(6885862772597325824,12,1,0,1,4,4,1200,2,'2022-01-18 02:24:16','2022-01-18 02:24:16'),(6890523685078171648,1,0,0,2,4,4,1200,2,'2022-01-23 00:59:46','2022-01-23 00:59:46'),(6890523685078171648,2,0,0,2,4,4,1200,2,'2022-01-23 01:01:38','2022-01-23 01:01:38'),(6890523685078171648,3,0,0,2,4,4,1200,2,'2022-01-23 01:06:03','2022-01-23 01:06:03'),(6890523685078171648,4,0,0,2,4,4,1200,2,'2022-01-23 01:26:37','2022-01-23 01:26:37'),(6890523685078171648,5,0,0,2,4,4,1200,2,'2022-01-23 01:27:47','2022-01-23 01:27:47'),(6890523685078171648,6,0,0,2,4,4,1200,2,'2022-01-23 06:09:21','2022-01-23 06:09:21'),(6890523685078171648,7,0,0,2,4,4,1200,2,'2022-01-23 06:14:36','2022-01-23 06:14:36'),(6890523685078171648,8,0,0,2,4,4,1200,2,'2022-01-23 06:16:24','2022-01-23 06:16:24'),(6885862772597325824,13,1,0,1,4,4,1200,2,'2022-02-27 06:47:12','2022-02-27 06:47:12'),(6909303428644601856,1,0,0,3,4,3,600,2,'2022-03-26 04:29:09','2022-03-26 04:29:09');
/*!40000 ALTER TABLE `game_version` ENABLE KEYS */;
UNLOCK TABLES;

--
-- Table structure for table `person`
--

DROP TABLE IF EXISTS `person`;
/*!40101 SET @saved_cs_client     = @@character_set_client */;
/*!50503 SET character_set_client = utf8mb4 */;
CREATE TABLE `person` (
  `id` bigint NOT NULL,
  `shortid` varchar(10) DEFAULT NULL,
  `displayname` varchar(32) DEFAULT NULL,
  `email` varchar(255) DEFAULT NULL,
  `apikey` varchar(64) NOT NULL,
  `prevapikey` varchar(45) DEFAULT NULL,
  `isdev` tinyint unsigned NOT NULL DEFAULT '0',
  `github` varchar(255) DEFAULT NULL,
  `github_id` int DEFAULT NULL,
  `github_teamid` int DEFAULT NULL,
  `tsinsert` datetime NOT NULL,
  `tsupdate` datetime DEFAULT NULL,
  `tsapikey` datetime NOT NULL,
  `logintoken` varchar(64) DEFAULT NULL,
  `password` varchar(64) DEFAULT NULL,
  `webpush` varchar(1000) DEFAULT NULL,
  PRIMARY KEY (`id`),
  UNIQUE KEY `apikey_UNIQUE` (`apikey`),
  UNIQUE KEY `displayname_UNIQUE` (`displayname`),
  UNIQUE KEY `email_UNIQUE` (`email`),
  UNIQUE KEY `github_id_UNIQUE` (`github_id`),
  UNIQUE KEY `github_teamid_UNIQUE` (`github_teamid`),
  UNIQUE KEY `shortid_UNIQUE` (`shortid`)
) ENGINE=InnoDB DEFAULT CHARSET=utf8mb3;
/*!40101 SET character_set_client = @saved_cs_client */;

--
-- Dumping data for table `person`
--

LOCK TABLES `person` WRITE;
/*!40000 ALTER TABLE `person` DISABLE KEYS */;
INSERT INTO `person` VALUES (6883188054807281664,'vliYt','acosg','admin@acos.games','D3E5AF1AD06D47FE9848DA47C8C27155',NULL,0,'acosg',96845776,NULL,'2022-01-01 23:31:55','2022-01-19 01:05:21','2022-01-01 23:31:55',NULL,NULL,'{\"endpoint\":\"https://updates.push.services.mozilla.com/wpush/v1/gAAAAABh4pMr4_dqVc6Uh6jvbTqrpCZFfr-QOSDLcw4nFkSBtoavJfD4Ap63TYzxlXNLHQEDCj_p-XecYctCP4mGG6PXQiYYBwArokuFcXpXavPCyVk1OnCDuuTzksv3Mv4H2pt7PvhH\",\"keys\":{\"auth\":\"ZmNDEoIKy_JwDHtAoFOArA\",\"p256dh\":\"BDaKuZga91nGwT6BfVIEKz4ReDDuWXdn7Mx3bkT18AsoIMBh757nPMr3Wm9zv-iAChozlKvtIQ_T47rcYWSk2_0\"}}'),(6883189193246244864,'ouYLK','JoeOfTexas','joelruiz2@gmail.com','FD81B5E159EC4BA19B1AEE9F31CF768E',NULL,1,'joetex',1610876,NULL,'2022-01-01 23:36:27','2022-03-30 17:48:27','2022-01-01 23:36:27',NULL,NULL,'{\"endpoint\":\"https://updates.push.services.mozilla.com/wpush/v1/gAAAAABiO4knYpIV-z4FlyodsGn-oYsQPy5ENBgrbgCQckehmgHxGJZzARX2iZYmkBpqNb4dPZ7rdCWZgfwmDseV5-nOwotcNVnRar8-IAMDIYm7E1rc4M3bQBbpIR3QhrO2vrq4jVo0\",\"keys\":{\"auth\":\"ual-bwPVtZjI1GSseS7ERA\",\"p256dh\":\"BIrj4PbgV585G7amxquu6DLfMxxDXX3_npLZVimM0y3Gog46PDqF-RauZd1F8LcL5PWK_DMGOCqxpgT9611hK5w\"}}'),(6883201387572756480,'nz4CU','JoeFacebook','10159785218912920','CB7D200BA5E4463CBA3D1440106B7860',NULL,0,NULL,NULL,NULL,'2022-01-02 00:24:54','2022-01-02 00:25:02','2022-01-02 00:24:54',NULL,NULL,NULL),(6883270392115363840,'k3YJC','5sg','five.second.games@gmail.com','0478CCD74B404B28801CD3020B1D8DD7',NULL,1,'5SG',79618222,NULL,'2022-01-02 04:59:06','2022-01-02 04:59:32','2022-01-02 04:59:06',NULL,NULL,NULL),(6883515256681791488,'BJBYA','FlyingMongoose','flyingmongoose@gmail.com','EEC88FD8AABD44C69EEACB426C82FA50',NULL,0,NULL,NULL,NULL,'2022-01-02 21:12:06','2022-01-02 21:12:12','2022-01-02 21:12:06',NULL,NULL,NULL),(6883515392300417024,'IRsIv','TunedChaos','lane.babuder@gmail.com','7AD93A68008E49DF8CB00EA29EF3B109',NULL,1,'flyingmongoose',399379,NULL,'2022-01-02 21:12:39','2022-01-02 21:38:11','2022-01-02 21:12:39',NULL,NULL,NULL),(6883679972708319232,'xSZxW','JoeGitYahoo','joel196@yahoo.com','892AF2700C3C467C85834FB9ED2D5220',NULL,1,'JoTexas',80021840,NULL,'2022-01-03 08:06:38','2022-01-03 08:06:57','2022-01-03 08:06:38',NULL,NULL,NULL),(6883753325666238464,'HQJi4','xrx','jaygrey.jg@gmail.com','38FA93E2D6A8481EA18F916E92E56784',NULL,0,NULL,NULL,NULL,'2022-01-03 12:58:06','2022-01-03 12:58:18','2022-01-03 12:58:06',NULL,NULL,NULL),(6883798643757809664,'UyeYJ','theJibbster','johnkryspin@gmail.com','9B47E7A9BDDB401CA1F14089E43E6659',NULL,0,'John-Kryspin',6597539,NULL,'2022-01-03 15:58:11','2022-01-03 15:58:17','2022-01-03 15:58:11',NULL,NULL,NULL),(6885750083539697664,'mTlLt','JoeMicrosoft','hya_oej@hotmail.com','494ABB04D2A74ED9B8526C0BE3EF0948',NULL,0,NULL,NULL,NULL,'2022-01-09 01:12:30','2022-01-09 01:18:04','2022-01-09 01:12:30',NULL,NULL,NULL),(6886152950574481408,'At71t','mare','mariannerivera88@gmail.com','5D35F43ED8D5494797E6FB489328DB07',NULL,0,NULL,NULL,NULL,'2022-01-10 03:53:21','2022-01-10 03:53:26','2022-01-10 03:53:21',NULL,NULL,NULL),(6886162029032243200,'xdZmv','ImelG','imeldagarza78@gmail.com','50B6A7F81F72411EBFF1BA4ED8B12F02',NULL,0,NULL,NULL,NULL,'2022-01-10 04:29:26','2022-01-10 04:29:35','2022-01-10 04:29:26',NULL,NULL,NULL),(6886191590671384576,'DzalW','Sean','seanbusby04@gmail.com','593E5B38D16D449B94F9D90E4D20ACE4',NULL,0,NULL,NULL,NULL,'2022-01-10 06:26:54','2022-01-10 06:27:01','2022-01-10 06:26:54',NULL,NULL,NULL),(6888046910825824256,'TkXZW','TestName',NULL,'EBE746F3BAC34D3E8110D18F5EF513F3',NULL,0,NULL,NULL,NULL,'2022-01-15 09:19:17','2022-01-15 09:19:17','2022-01-15 09:19:17',NULL,NULL,NULL),(6888048691878297600,'r9bO8','TestName2',NULL,'882F915B250A46E18FAD2BC0F7FE5F03',NULL,0,NULL,NULL,NULL,'2022-01-15 09:26:21','2022-01-15 09:26:21','2022-01-15 09:26:21',NULL,NULL,NULL),(6888052042368024576,'YuWoP','TestName4',NULL,'A5713D8FCC274CB988A1B4F3FCE7ED40',NULL,0,NULL,NULL,NULL,'2022-01-15 09:39:40','2022-01-15 09:39:40','2022-01-15 09:39:40',NULL,NULL,NULL),(6888056360957640704,'QrjIA','NewName5',NULL,'5CE8272D510442848F1B99C843590536',NULL,0,NULL,NULL,NULL,'2022-01-15 09:56:50','2022-01-15 09:57:36','2022-01-15 09:56:50',NULL,NULL,'{\"endpoint\":\"https://updates.push.services.mozilla.com/wpush/v1/gAAAAABh4pMr4_dqVc6Uh6jvbTqrpCZFfr-QOSDLcw4nFkSBtoavJfD4Ap63TYzxlXNLHQEDCj_p-XecYctCP4mGG6PXQiYYBwArokuFcXpXavPCyVk1OnCDuuTzksv3Mv4H2pt7PvhH\",\"keys\":{\"auth\":\"ZmNDEoIKy_JwDHtAoFOArA\",\"p256dh\":\"BDaKuZga91nGwT6BfVIEKz4ReDDuWXdn7Mx3bkT18AsoIMBh757nPMr3Wm9zv-iAChozlKvtIQ_T47rcYWSk2_0\"}}'),(6888286862880800768,'P97xK','eramne',NULL,'BCF8B827FED84A6984FCBCD8F2E7950C',NULL,0,NULL,NULL,NULL,'2022-01-16 01:12:46','2022-01-16 01:12:46','2022-01-16 01:12:46',NULL,NULL,NULL),(6889085192640659456,'3QZzC','Mel',NULL,'F57F6581B43548AF91BD993D25D6757B',NULL,0,NULL,NULL,NULL,'2022-01-18 06:05:02','2022-01-18 06:05:02','2022-01-18 06:05:02',NULL,NULL,NULL),(6889633450253352960,'SoJ58','TestName5',NULL,'2366DE1EFB3F407EAF3F996BE48C8B9F',NULL,0,NULL,NULL,NULL,'2022-01-19 18:23:37','2022-01-19 18:23:37','2022-01-19 18:23:37',NULL,NULL,NULL),(6889799882186424320,'3ErBC','Mely',NULL,'DEC1E48B9AB64A81BD4185ABC9A69C90',NULL,0,NULL,NULL,NULL,'2022-01-20 05:24:58','2022-01-20 05:24:58','2022-01-20 05:24:58',NULL,NULL,NULL),(6890091383370022912,'iir4R','Ieg',NULL,'B62B63EA3DD94539A6480C1310055443',NULL,0,NULL,NULL,NULL,'2022-01-21 00:43:17','2022-01-21 00:43:17','2022-01-21 00:43:17',NULL,NULL,NULL),(6890135780115611648,'yY0rS','Ieh',NULL,'D7FDCCEF18CD46F99B364FA2AE6C46C1',NULL,0,NULL,NULL,NULL,'2022-01-21 03:39:42','2022-01-21 03:39:42','2022-01-21 03:39:42',NULL,NULL,NULL),(6890139877648629760,'vN2vN','TestName6',NULL,'C96D4F7C393D4AD9B4F13D628E6A9BF6',NULL,0,NULL,NULL,NULL,'2022-01-21 03:55:59','2022-01-21 03:55:59','2022-01-21 03:55:59',NULL,NULL,NULL),(6890729552222355456,'Q90hE','kaos',NULL,'7032B951DEBB43F190B2E00BC6C8A0DF',NULL,0,NULL,NULL,NULL,'2022-01-22 18:59:08','2022-01-22 18:59:08','2022-01-22 18:59:08',NULL,NULL,NULL),(6890829234948800512,'B04pU','Violet',NULL,'7F1D66B85B7E496398B98213A6C527EC',NULL,0,NULL,NULL,NULL,'2022-01-23 01:35:15','2022-01-23 01:35:15','2022-01-23 01:35:15',NULL,NULL,NULL),(6890934925797621760,'iZiBF','shani',NULL,'17DE00D8D77944729A3A21E1E4A3B3F8',NULL,0,NULL,NULL,NULL,'2022-01-23 08:35:13','2022-01-23 08:35:13','2022-01-23 08:35:13',NULL,NULL,NULL),(6890935565512867840,'Gdpl5','Shanii',NULL,'32E96E407F894DC089DDDFE24AB5EE8D',NULL,0,NULL,NULL,NULL,'2022-01-23 08:37:46','2022-01-23 08:37:46','2022-01-23 08:37:46',NULL,NULL,NULL),(6890937771620302848,'YII1K','joycel',NULL,'47D85A7816F548B0B45BE54B2F8BC303',NULL,0,NULL,NULL,NULL,'2022-01-23 08:46:32','2022-01-23 08:46:32','2022-01-23 08:46:32',NULL,NULL,NULL),(6890940160951713792,'0JQJp','TestName7',NULL,'0562A8F31BA342C596F05F326FD123CA',NULL,0,NULL,NULL,NULL,'2022-01-23 08:56:01','2022-01-23 08:56:01','2022-01-23 08:56:01',NULL,NULL,NULL),(6894365986456076288,'QF4m3','philihp',NULL,'EB2CAE8BEA7F494488B5264C371E46E3',NULL,0,NULL,NULL,NULL,'2022-02-01 19:49:02','2022-02-01 19:49:02','2022-02-01 19:49:02',NULL,NULL,NULL),(6897786837100658688,'3gKNg','vm11',NULL,'D92F4ADED98249B895EC43BAC854C312',NULL,0,NULL,NULL,NULL,'2022-02-11 06:22:16','2022-02-11 06:22:39','2022-02-11 06:22:16',NULL,NULL,'{\"endpoint\":\"https://fcm.googleapis.com/fcm/send/f_2svhoSy2Y:APA91bHPu3yDLDgnYHRyJNgMCpjiFMiJfT2Hhj9u0A0sZOY4GGgJ0Z_1GyWh7smUzMH5EtcdfqxpqHoJNYhgWPfxb599Yxvn8-rupPFGaRH0C96PrkXDuTijPEUNxDKP0eKmq9eed-YM\",\"expirationTime\":null,\"keys\":{\"p256dh\":\"BLPrH4fLNN6skgKIzSA6bFjE-RuHHryJU8he6JQg0xYn7eb8Eix5PSdmAZnD3tKbFyTMJGTj0KRaOH8SGK04vuM\",\"auth\":\"3-KKVK1H6kgf29ZnYVq5iA\"}}'),(6897787690717020160,'1We0L','kkk',NULL,'D87B733D0B33417EBD4980079301F39D',NULL,0,NULL,NULL,NULL,'2022-02-11 06:25:40','2022-02-11 06:25:40','2022-02-11 06:25:40',NULL,NULL,NULL),(6897789026162442240,'qAJj0','Jokler',NULL,'50F7A0E0C5B14D378560FF8A8BE9472E',NULL,0,NULL,NULL,NULL,'2022-02-11 06:30:58','2022-02-11 06:30:58','2022-02-11 06:30:58',NULL,NULL,NULL),(6897794666582769664,'rhqLu','Dan',NULL,'0103F0C34D2A48C1A2CA21EB3C5D8225',NULL,0,NULL,NULL,NULL,'2022-02-11 06:53:23','2022-02-11 06:53:23','2022-02-11 06:53:23',NULL,NULL,NULL),(6897795113213231104,'QJQiO','dsfsf',NULL,'50E254E656DB43EDBF646A854F064D36',NULL,0,NULL,NULL,NULL,'2022-02-11 06:55:09','2022-02-11 06:55:09','2022-02-11 06:55:09',NULL,NULL,NULL),(6897800892142059520,'IflN0','Doki',NULL,'1FAA01BA82CF475BAB00763D89A1B715',NULL,0,NULL,NULL,NULL,'2022-02-11 07:18:07','2022-02-11 07:18:07','2022-02-11 07:18:07',NULL,NULL,NULL),(6897800892540518400,'MNdJ0','foobar',NULL,'E75B105A70B349CD929DF0C70CB7178D',NULL,0,NULL,NULL,NULL,'2022-02-11 07:18:07','2022-02-11 07:18:07','2022-02-11 07:18:07',NULL,NULL,NULL),(6897802179583672320,'pkibt','Doki2',NULL,'0B3AEF89479B48A89751BD41E423FDA4',NULL,0,NULL,NULL,NULL,'2022-02-11 07:23:14','2022-02-11 07:23:14','2022-02-11 07:23:14',NULL,NULL,NULL),(6897802776718344192,'yGH8O','aaa',NULL,'0C7EF17D338140CA8855467064C4B1AA',NULL,0,NULL,NULL,NULL,'2022-02-11 07:25:36','2022-02-11 07:25:36','2022-02-11 07:25:36',NULL,NULL,NULL),(6897807180515246080,'EezOu','jjjj',NULL,'5854974AADC7417D92621109AF350E55',NULL,0,NULL,NULL,NULL,'2022-02-11 07:43:06','2022-02-11 07:43:06','2022-02-11 07:43:06',NULL,NULL,NULL),(6897820389804605440,'A3iec','test',NULL,'92E95F8DC1334A46ADF481314E1CCF40',NULL,0,NULL,NULL,NULL,'2022-02-11 08:35:36','2022-02-11 08:35:36','2022-02-11 08:35:36',NULL,NULL,NULL),(6897844532390395904,'09qL7','yupoin',NULL,'85DFEB4F74CA4C879A123628FE97A1ED',NULL,0,NULL,NULL,NULL,'2022-02-11 10:11:32','2022-02-11 10:11:32','2022-02-11 10:11:32',NULL,NULL,NULL),(6897845613522583552,'6brMX','54443548',NULL,'5421985668294CE9B693BDADA8CDD37C',NULL,0,NULL,NULL,NULL,'2022-02-11 10:15:50','2022-02-11 10:15:50','2022-02-11 10:15:50',NULL,NULL,NULL),(6897857981887545344,'GAoVy','Wuzado','wuzado@protonmail.com','2E043EEE3CE04922825E4C68F62DB617',NULL,0,'Wuzado',23276409,NULL,'2022-02-11 11:04:58','2022-02-11 11:05:02','2022-02-11 11:04:58',NULL,NULL,NULL),(6897897128450850816,'vEK33','vin',NULL,'447F1B1F5CA647E6A0F1B8A2CA64C4F6',NULL,0,NULL,NULL,NULL,'2022-02-11 13:40:32','2022-02-11 13:40:32','2022-02-11 13:40:32',NULL,NULL,NULL),(6898014579301810176,'H8g81','hrgtf',NULL,'26849BEAF96F47389D4572643478A2E0',NULL,0,NULL,NULL,NULL,'2022-02-11 21:27:14','2022-02-11 21:27:14','2022-02-11 21:27:14',NULL,NULL,NULL),(6898032507472576512,'IEeNT','zydeu','izzyphex@gmail.com','153FF475A22A401F9BEDA71FB503D354',NULL,0,NULL,NULL,NULL,'2022-02-11 22:38:29','2022-02-11 23:31:45','2022-02-11 22:38:29',NULL,NULL,'{\"endpoint\":\"https://updates.push.services.mozilla.com/wpush/v2/gAAAAABiBvHh0YSXUqRVFrvWAC3d9vw4EMMKVBLQM5VtiMs93u2GFq6h84X6YbuVBUdJCOkdsJuSU4kmbM27upa1y3KpfbJEXZBnuxCJ3BrCtrymD9fD0NdbBxaAmr8-kLheeWK9JoQtYIazwVxyT2n2-0Jui8omK-0oNpOKGbZFBppMI8eqIRk\",\"expirationTime\":null,\"keys\":{\"auth\":\"4eCFyq77KHc7kBhr7hd5Xw\",\"p256dh\":\"BLX-XXQkwSthZ_8xp9lt9Xx3kDE0ztSFd8bGUjHvIBw4otKqDVLVomvA5D5eACnro-w3uO3oJnWiK8l7mR7hOsk\"}}'),(6898045582221246464,'uRlXX','yqwo',NULL,'53F7D1EBB1604CCDAB42F8653F567602',NULL,0,NULL,NULL,NULL,'2022-02-11 23:30:26','2022-02-11 23:30:26','2022-02-11 23:30:26',NULL,NULL,NULL),(6898169766729482240,'lSZrn','Solittd',NULL,'B070EFDF9E9340B6AAD0BFB6E91FCB61',NULL,0,NULL,NULL,NULL,'2022-02-12 07:43:54','2022-02-12 07:43:54','2022-02-12 07:43:54',NULL,NULL,NULL),(6898173349877252096,'rl3fr','xxxORooo',NULL,'B549BA5C56764F09BB5A3DBB8668B15D',NULL,0,NULL,NULL,NULL,'2022-02-12 07:58:08','2022-02-12 07:58:08','2022-02-12 07:58:08',NULL,NULL,NULL),(6898176256559284224,'4UCj1','hoho',NULL,'16AF10AF29BC4333B6AECDFC89082F57',NULL,0,NULL,NULL,NULL,'2022-02-12 08:09:41','2022-02-12 08:09:41','2022-02-12 08:09:41',NULL,NULL,NULL),(6898197780985020416,'IPToX','lll',NULL,'8C0001E2FA1D42ACB9B5F5B0BF5BEDDD',NULL,0,NULL,NULL,NULL,'2022-02-12 09:35:13','2022-02-12 09:35:29','2022-02-12 09:35:13',NULL,NULL,'{\"endpoint\":\"https://wns2-db5p.notify.windows.com/w/?token=BQYAAACGklg4r9WIdllN5GZ3sjZEaNfgfp0mb7RzEwrpSULSxUH50WtZf8xV373LErGYqquhZKccObaP%2bUpYDgag6rTHZtQn2BXNPOWQ61OqQJf%2fVYijSkmVA9jRbHqIImzQBPvNOZuOSsb2jwps98bwoYH%2b%2bH4%2bMeWy7v0ezBl3H2f9Ym2g03Ew77qFbC4gXalhBeyorfEKCAiLGIHCldrbaCIyI8A325pcqdCkSfsin8o11hX5oRugGHjwcnOLwh%2fuOd8668B7cnXGJAKgpGBDm8hIG%2b3Uax1FLMlTANiKazBQb35RNYVbIJGUQjYAaRpQiYk%3d\",\"expirationTime\":null,\"keys\":{\"p256dh\":\"BFLczhdY04FoKYm6trKBWZyQ_I7Kr4oXuoIc4-5qEYVpV_Uw6HSCAYSFoVKSTEqHGjqG5qluRfX6bJzWW9McCdE\",\"auth\":\"ZJ6J4FiTTFRjNPo26lCv4g\"}}'),(6898230681235619840,'1I4WT','asdad',NULL,'0939A571C42D4F76829C8017BA5E47AC',NULL,0,NULL,NULL,NULL,'2022-02-12 11:45:57','2022-02-12 11:45:57','2022-02-12 11:45:57',NULL,NULL,NULL),(6898420539577073664,'JyKey','Ggg',NULL,'7230B11CF15E4EDA97C1EF31608E05BE',NULL,0,NULL,NULL,NULL,'2022-02-13 00:20:23','2022-02-13 00:20:23','2022-02-13 00:20:23',NULL,NULL,NULL),(6898430804813152256,'dDtDG','adsf',NULL,'FA5AB6FA1D7D4DE58D9D34E904E43C00',NULL,0,NULL,NULL,NULL,'2022-02-13 01:01:10','2022-02-13 01:01:10','2022-02-13 01:01:10',NULL,NULL,NULL),(6898439188295712768,'Us9US','Hggh',NULL,'4CDDC3DB9BEB41A1BF375A0CFD09CD22',NULL,0,NULL,NULL,NULL,'2022-02-13 01:34:29','2022-02-13 01:34:29','2022-02-13 01:34:29',NULL,NULL,NULL),(6898453160143093760,'41gLX','Ashton',NULL,'5DDEEAAD98804DCC9DBCDD2FB221C9FA',NULL,0,NULL,NULL,NULL,'2022-02-13 02:30:00','2022-02-13 02:30:00','2022-02-13 02:30:00',NULL,NULL,NULL),(6898453180611297280,'9Z8LX','Bee',NULL,'E71811E462AD45BD841E2562A0DDE7C8',NULL,0,NULL,NULL,NULL,'2022-02-13 02:30:05','2022-02-13 02:30:05','2022-02-13 02:30:05',NULL,NULL,NULL),(6898455447758438400,'gQg35','fdsa',NULL,'C88A428640CE49D398C1E9DB8A280253',NULL,0,NULL,NULL,NULL,'2022-02-13 02:39:05','2022-02-13 02:39:05','2022-02-13 02:39:05',NULL,NULL,NULL),(6898458637916700672,'IJkLI','Top',NULL,'4B9BC673AA7447149F3EBFB2FF8612E3',NULL,0,NULL,NULL,NULL,'2022-02-13 02:51:46','2022-02-13 02:51:46','2022-02-13 02:51:46',NULL,NULL,NULL),(6898461298976096256,'giPKq','Vinicius73',NULL,'FD5C58D688EA4F65B0517E3B5A46C6FE',NULL,0,NULL,NULL,NULL,'2022-02-13 03:02:20','2022-02-13 03:02:20','2022-02-13 03:02:20',NULL,NULL,NULL),(6898475989681045504,'vuEDG','jeb',NULL,'A32C763EE56B4BBBA3856E2EB52344E2',NULL,0,NULL,NULL,NULL,'2022-02-13 04:00:43','2022-02-13 04:00:43','2022-02-13 04:00:43',NULL,NULL,NULL),(6898514607552331776,'VLQSB','epicswag12',NULL,'0D87D27099F84493BDB0F0AF30849CD1',NULL,0,NULL,NULL,NULL,'2022-02-13 06:34:10','2022-02-13 06:34:10','2022-02-13 06:34:10',NULL,NULL,NULL),(6898554312197144576,'q97oJ','Litlecodeur',NULL,'4EF92D832BFC4886AF48D343C2D4E8DE',NULL,0,NULL,NULL,NULL,'2022-02-13 09:11:56','2022-02-13 09:11:56','2022-02-13 09:11:56',NULL,NULL,NULL),(6898649476399890432,'Tpdes','gdf',NULL,'BAAAE9FD0AFA426680DBC131C0DB47FC',NULL,0,NULL,NULL,NULL,'2022-02-13 15:30:05','2022-02-13 15:30:05','2022-02-13 15:30:05',NULL,NULL,NULL),(6898824813398196224,'J13i4','asdf',NULL,'07B0EDBC04564F37BF558E0A23B86E23',NULL,0,NULL,NULL,NULL,'2022-02-14 03:06:49','2022-02-14 03:06:49','2022-02-14 03:06:49',NULL,NULL,NULL),(6898833738428317696,'a6auU','5165165',NULL,'77A648786D2043C795AF2B39CDCAA522',NULL,0,NULL,NULL,NULL,'2022-02-14 03:42:17','2022-02-14 03:42:17','2022-02-14 03:42:17',NULL,NULL,NULL),(6899001950478532608,'KyYNN','Allan',NULL,'290241D65AC84C2EA5D1CD9DB43B7845',NULL,0,NULL,NULL,NULL,'2022-02-14 14:50:42','2022-02-14 14:50:42','2022-02-14 14:50:42',NULL,NULL,NULL),(6899271079190069248,'WWpwg','aswdsdf',NULL,'A336704DCBF14386B68F676B2C9C3709',NULL,0,NULL,NULL,NULL,'2022-02-15 08:40:07','2022-02-15 08:40:07','2022-02-15 08:40:07',NULL,NULL,NULL),(6899285591842619392,'QHHxz','tes',NULL,'64337FE4761F4ED09283208C9001124D',NULL,0,NULL,NULL,NULL,'2022-02-15 09:37:47','2022-02-15 09:37:47','2022-02-15 09:37:47',NULL,NULL,NULL),(6899582858793320448,'DUFNT','pop',NULL,'4C65A681C7474ADEA9F605350FCCC83A',NULL,0,NULL,NULL,NULL,'2022-02-16 05:19:01','2022-02-16 05:19:01','2022-02-16 05:19:01',NULL,NULL,NULL),(6899594059787010048,'kNrky','hpx',NULL,'626EB34971F94E11BA8EB25827C30C47',NULL,0,NULL,NULL,NULL,'2022-02-16 06:03:32','2022-02-16 06:03:32','2022-02-16 06:03:32',NULL,NULL,NULL),(6899634273007960064,'xxdkS','asd',NULL,'15F646D7A2FB45D0936A624EEEB9B6F9',NULL,0,NULL,NULL,NULL,'2022-02-16 08:43:19','2022-02-16 08:43:19','2022-02-16 08:43:19',NULL,NULL,NULL),(6899666813722820608,'eVLWD','stanik',NULL,'6BD101C34BC0419983C85113B72F7B72',NULL,0,NULL,NULL,NULL,'2022-02-16 10:52:38','2022-02-16 10:52:38','2022-02-16 10:52:38',NULL,NULL,NULL),(6899703501518012416,'wjKLP','testdfgz',NULL,'87552CD39F2A4E65B06B40DD914CAC33',NULL,0,NULL,NULL,NULL,'2022-02-16 13:18:25','2022-02-16 13:18:25','2022-02-16 13:18:25',NULL,NULL,NULL),(6899777808092889088,'2mq4H','aaaaa',NULL,'5715FF9302E040BBB86DAB355CA81D91',NULL,0,NULL,NULL,NULL,'2022-02-16 18:13:41','2022-02-16 18:13:41','2022-02-16 18:13:41',NULL,NULL,NULL),(6899928842094247936,'4OYTS','wwwww',NULL,'C9743DCAB15D468CBF07E1C1FA995B25',NULL,0,NULL,NULL,NULL,'2022-02-17 04:13:50','2022-02-17 04:13:50','2022-02-17 04:13:50',NULL,NULL,NULL),(6900593388022661120,'BsTkI','ioj',NULL,'21C7C1912D28425B86454EDC34B1E901',NULL,0,NULL,NULL,NULL,'2022-02-19 00:14:30','2022-02-19 00:14:30','2022-02-19 00:14:30',NULL,NULL,NULL),(6901029522716491776,'JRyFn','1111',NULL,'1912D335E53C4F9F98643F3540DFADDD',NULL,0,NULL,NULL,NULL,'2022-02-20 05:07:33','2022-02-20 05:07:33','2022-02-20 05:07:33',NULL,NULL,NULL),(6901740007719960576,'XhyGK','asdfasdf',NULL,'DF7B2E952DF446DFB87C229EC417AA84',NULL,0,NULL,NULL,NULL,'2022-02-22 04:10:45','2022-02-22 04:10:45','2022-02-22 04:10:45',NULL,NULL,NULL),(6901743392653312000,'JqUJk','hpx7',NULL,'888F256EBDCE4777B1978A242E48275E',NULL,0,NULL,NULL,NULL,'2022-02-22 04:24:13','2022-02-22 04:24:13','2022-02-22 04:24:13',NULL,NULL,NULL),(6902111360209911808,'dwgcG','asdfasdff',NULL,'3DDE44BF8E054639AC10844A93E1C70E',NULL,0,NULL,NULL,NULL,'2022-02-23 04:46:23','2022-02-23 04:46:23','2022-02-23 04:46:23',NULL,NULL,NULL),(6903254125987758080,'CsmCT','rrr',NULL,'585163106C044684AA6DF9B907BC3CDE',NULL,0,NULL,NULL,NULL,'2022-02-26 08:27:19','2022-02-26 08:27:19','2022-02-26 08:27:19',NULL,NULL,NULL),(6903878532573691904,'AdAwV','penis',NULL,'F878411335DA49EF8D288B3AD07D01D7',NULL,0,NULL,NULL,NULL,'2022-02-28 01:48:30','2022-02-28 01:48:30','2022-02-28 01:48:30',NULL,NULL,NULL),(6903891401231040512,'bhvvr','Ranger',NULL,'0530E6FEC81142E99939741AC5CC5E61',NULL,0,NULL,NULL,NULL,'2022-02-28 02:39:38','2022-02-28 02:39:38','2022-02-28 02:39:38',NULL,NULL,NULL),(6903974386760417280,'nC3JS','Gwen',NULL,'41BCB0A73CD541F7994E6BCD410A7496',NULL,0,NULL,NULL,NULL,'2022-02-28 08:09:23','2022-02-28 08:09:23','2022-02-28 08:09:23',NULL,NULL,NULL),(6903975593017081856,'OqpOJ','philihp2','philihp@gmail.com','F3C957710C0648F38E19E4D8A4DC52BE',NULL,1,'philihp',1247668,NULL,'2022-02-28 08:14:11','2022-03-02 00:20:27','2022-02-28 08:14:11',NULL,NULL,NULL),(6903981596840296448,'PLTzn','leon',NULL,'62D8DCAEBE754147B7B98206E7E7F975',NULL,0,NULL,NULL,NULL,'2022-02-28 08:38:02','2022-02-28 08:38:02','2022-02-28 08:38:02',NULL,NULL,NULL),(6905640127989547008,'7hEic','ioko',NULL,'D77AA4B0FE0640829266E26C33DFE7D8',NULL,0,NULL,NULL,NULL,'2022-03-04 22:28:27','2022-03-04 22:28:27','2022-03-04 22:28:27',NULL,NULL,NULL),(6908109810131009536,'YxfCT','icet',NULL,'22C18CDBE9C24BC8A8CB53D999B0A8CD',NULL,0,NULL,NULL,NULL,'2022-03-11 18:02:05','2022-03-11 18:02:05','2022-03-11 18:02:05',NULL,NULL,NULL),(6909000771652550656,'Xxcrj','EggMan',NULL,'E677D75FAF764F118656564C62F4455F',NULL,0,NULL,NULL,NULL,'2022-03-14 05:02:26','2022-03-14 05:02:26','2022-03-14 05:02:26',NULL,NULL,NULL),(6909363948881969152,'6ag4Q','dddd',NULL,'F150F41488AF4B768B8FEB6F2E077F34',NULL,0,NULL,NULL,NULL,'2022-03-15 05:05:35','2022-03-15 05:05:35','2022-03-15 05:05:35',NULL,NULL,NULL),(6913365649779589120,'o6JmQ','Daniel',NULL,'7DFDB54AF8C041C58140E04999D16F1B',NULL,0,NULL,NULL,NULL,'2022-03-26 06:06:55','2022-03-26 06:06:55','2022-03-26 06:06:55',NULL,NULL,NULL),(6913368744773287936,'qpMKg','testt',NULL,'13135914D44A4B99BFE6818FE24C957A',NULL,0,NULL,NULL,NULL,'2022-03-26 06:19:12','2022-03-26 06:19:12','2022-03-26 06:19:12',NULL,NULL,NULL),(6913371138814902272,'1kr52','bum',NULL,'0A31B141EC4548B2BC81C60CF58179DE',NULL,0,NULL,NULL,NULL,'2022-03-26 06:28:43','2022-03-26 06:28:43','2022-03-26 06:28:43',NULL,NULL,NULL),(6913371491551674368,'OXcMB','MMm',NULL,'2EA282D1687748C1800F69C8678531BC',NULL,0,NULL,NULL,NULL,'2022-03-26 06:30:07','2022-03-26 06:30:07','2022-03-26 06:30:07',NULL,NULL,NULL),(6913375561913991168,'yzgge','asdfasdfa',NULL,'DF7268C559AF440CB6552C35B4BBA08A',NULL,0,NULL,NULL,NULL,'2022-03-26 06:46:18','2022-03-26 06:46:18','2022-03-26 06:46:18',NULL,NULL,NULL),(6913386693684887552,'z6LGP','Dev',NULL,'37CD2D312D764CD1B77BF7EF486A38F7',NULL,0,NULL,NULL,NULL,'2022-03-26 07:30:32','2022-03-26 07:30:32','2022-03-26 07:30:32',NULL,NULL,NULL),(6913390131424526336,'TURTy','Texmandie',NULL,'A993EC1DE6124A4B84ECAAA542C4F08C',NULL,0,NULL,NULL,NULL,'2022-03-26 07:44:11','2022-03-26 07:44:11','2022-03-26 07:44:11',NULL,NULL,NULL),(6913390453849063424,'qeIlS','Gttt',NULL,'9A3A47239CCB458CBB0FB9CD3F8B946C',NULL,0,NULL,NULL,NULL,'2022-03-26 07:45:28','2022-03-26 07:45:28','2022-03-26 07:45:28',NULL,NULL,NULL),(6913395280482140160,'XnevQ','aaaaasdsd',NULL,'3C23A574984C4068B61B660A41C22AC9',NULL,0,NULL,NULL,NULL,'2022-03-26 08:04:39','2022-03-26 08:04:39','2022-03-26 08:04:39',NULL,NULL,NULL),(6913406252357779456,'X4pmu','Danggrrg',NULL,'7999CD2D254945A0BC932C6612581316',NULL,0,NULL,NULL,NULL,'2022-03-26 08:48:15','2022-03-26 08:48:15','2022-03-26 08:48:15',NULL,NULL,NULL),(6913407283548389376,'ixpiQ','mmmkkk',NULL,'5CE8365C4CBF48EE91D406F74254F5E8',NULL,0,NULL,NULL,NULL,'2022-03-26 08:52:21','2022-03-26 08:52:21','2022-03-26 08:52:21',NULL,NULL,NULL),(6913411623449264128,'PZ7Z5','Zoli',NULL,'907FF0F83CE14FEA9516B11EBD34AC96',NULL,0,NULL,NULL,NULL,'2022-03-26 09:09:36','2022-03-26 09:09:36','2022-03-26 09:09:36',NULL,NULL,NULL),(6913425664624295936,'yDD5R','Hej',NULL,'CE5D88AB1426467EBAE0E94A41EB5A00',NULL,0,NULL,NULL,NULL,'2022-03-26 10:05:23','2022-03-26 10:05:23','2022-03-26 10:05:23',NULL,NULL,NULL),(6913436424947630080,'vxXf6','itsJstn',NULL,'CBC21F64B1464CD7B2138768952EA2B2',NULL,0,NULL,NULL,NULL,'2022-03-26 10:48:09','2022-03-26 10:48:09','2022-03-26 10:48:09',NULL,NULL,NULL),(6913438319883845632,'I0PAx','jojhkjhgkjh',NULL,'0A51078361F346279A6E8C94C514C394',NULL,0,NULL,NULL,NULL,'2022-03-26 10:55:40','2022-03-26 10:55:40','2022-03-26 10:55:40',NULL,NULL,NULL),(6913438560720781312,'HVP1O','mzfr',NULL,'544AE78EF8624A3E8AEC568EEE46D796',NULL,0,NULL,NULL,NULL,'2022-03-26 10:56:38','2022-03-26 10:56:38','2022-03-26 10:56:38',NULL,NULL,NULL),(6913451023377891328,'Ae9ri','Dmfemsfdmasm',NULL,'C95CA31B535B40EF8789CF5F94821C81',NULL,0,NULL,NULL,NULL,'2022-03-26 11:46:09','2022-03-26 11:46:09','2022-03-26 11:46:09',NULL,NULL,NULL),(6913452596808122368,'eyY4g','k8mm',NULL,'1953341F8D8C4D5FA8EBD69AB54AAF65',NULL,0,NULL,NULL,NULL,'2022-03-26 11:52:24','2022-03-26 11:52:24','2022-03-26 11:52:24',NULL,NULL,NULL),(6913463793146134528,'8SWbc','faggot',NULL,'B7DA73A339324836AC7EEFA72620472F',NULL,0,NULL,NULL,NULL,'2022-03-26 12:36:54','2022-03-26 12:36:54','2022-03-26 12:36:54',NULL,NULL,NULL),(6913501404673867776,'4EWBv','poggers',NULL,'216E106069764853BE111A5280C2534C',NULL,0,NULL,NULL,NULL,'2022-03-26 15:06:21','2022-03-26 15:06:21','2022-03-26 15:06:21',NULL,NULL,NULL),(6913525581023805440,'AGzpz','Gyyyyy',NULL,'6EB678498B2D46B38AC7D21E9A4C7128',NULL,0,NULL,NULL,NULL,'2022-03-26 16:42:25','2022-03-26 16:42:25','2022-03-26 16:42:25',NULL,NULL,NULL),(6913565458343919616,'6ss0z','test2',NULL,'9B79CBDA1D9D4F399DE47D33F168F47F',NULL,0,NULL,NULL,NULL,'2022-03-26 19:20:53','2022-03-26 19:20:53','2022-03-26 19:20:53',NULL,NULL,NULL),(6913568986995097600,'JRrBb','Joruf',NULL,'E26828B621574C269A5E8C77CB35B0C5',NULL,0,NULL,NULL,NULL,'2022-03-26 19:34:54','2022-03-26 19:34:54','2022-03-26 19:34:54',NULL,NULL,NULL),(6913591279930572800,'Z09zL','asdasd',NULL,'D249304DD91848DA8F3E4C7F90816BAB',NULL,0,NULL,NULL,NULL,'2022-03-26 21:03:29','2022-03-26 21:03:29','2022-03-26 21:03:29',NULL,NULL,NULL),(6913607308853379072,'wzZGI','Gob',NULL,'1367A3CBB3A549C4B202EA1F3D7B045E',NULL,0,NULL,NULL,NULL,'2022-03-26 22:07:11','2022-03-26 22:07:11','2022-03-26 22:07:11',NULL,NULL,NULL),(6913616811468521472,'mZ62q','fdasZsa',NULL,'C2A63156905A4607BF590ECEEE0A90C8',NULL,0,NULL,NULL,NULL,'2022-03-26 22:44:56','2022-03-26 22:44:56','2022-03-26 22:44:56',NULL,NULL,NULL),(6913689380687183872,'Oo1Hk','Hhh',NULL,'1A538D9B5C3A494DA28FE5A22AEAE2A5',NULL,0,NULL,NULL,NULL,'2022-03-27 03:33:18','2022-03-27 03:33:18','2022-03-27 03:33:18',NULL,NULL,NULL),(6913701419698618368,'d3x7g','Charles',NULL,'820ADB4D80614208A85FD8B238AFE1CD',NULL,0,NULL,NULL,NULL,'2022-03-27 04:21:08','2022-03-27 04:21:08','2022-03-27 04:21:08',NULL,NULL,NULL),(6913767322343702528,'qFv5d','Charles_T','charles.tanchao@gmail.com','724BA98697A6450D93D67BB093195254',NULL,0,NULL,NULL,NULL,'2022-03-27 08:43:01','2022-03-27 08:43:08','2022-03-27 08:43:01',NULL,NULL,NULL),(6913851367417184256,'HqY56','jjjjjii',NULL,'5E25E36A210F4DE8AB12011F6C3E7C55',NULL,0,NULL,NULL,NULL,'2022-03-27 14:16:59','2022-03-27 14:16:59','2022-03-27 14:16:59',NULL,NULL,NULL),(6913938965284257792,'a1rhu','ttt',NULL,'E24F26EBDED749B58C2BDF43BEF5400A',NULL,0,NULL,NULL,NULL,'2022-03-27 20:05:04','2022-03-27 20:05:04','2022-03-27 20:05:04',NULL,NULL,NULL),(6914052714305421312,'ysFMT','Goingfor18',NULL,'02694ADF7C274FB4B8D8F40A179E7755',NULL,0,NULL,NULL,NULL,'2022-03-28 03:37:03','2022-03-28 03:37:03','2022-03-28 03:37:03',NULL,NULL,NULL),(6914067554851880960,'U4v0i','additionalLemon','thehumordoc@gmail.com','DC1EEC4BB04942E594A9B655E555125D',NULL,0,NULL,NULL,NULL,'2022-03-28 04:36:02','2022-03-28 04:45:56','2022-03-28 04:36:02',NULL,NULL,NULL),(6914072765746118656,'wQF30','additionalLemon3',NULL,'3943B75E25624D2D877180C6E8CB0848',NULL,0,NULL,NULL,NULL,'2022-03-28 04:56:44','2022-03-28 04:56:44','2022-03-28 04:56:44',NULL,NULL,NULL),(6914091388967583744,'Bvi3V','Yuij',NULL,'FB599DF3306F4B2F8A60C7FC0D3ACAB2',NULL,0,NULL,NULL,NULL,'2022-03-28 06:10:44','2022-03-28 06:10:44','2022-03-28 06:10:44',NULL,NULL,NULL),(6914125425283170304,'m1UB9','Bob',NULL,'0653055CB72B40F183C742EAD3CCF299',NULL,0,NULL,NULL,NULL,'2022-03-28 08:25:59','2022-03-28 08:25:59','2022-03-28 08:25:59',NULL,NULL,NULL),(6914134321515200512,'1EpZ2','hello',NULL,'38A2ABE0B3684C868E3307EE064784B7',NULL,0,NULL,NULL,NULL,'2022-03-28 09:01:20','2022-03-28 09:01:20','2022-03-28 09:01:20',NULL,NULL,NULL),(6914172129189560320,'eOYXS','wwww',NULL,'46C41530CA1C4B978DA4E44309CC3268',NULL,0,NULL,NULL,NULL,'2022-03-28 11:31:34','2022-03-28 11:31:34','2022-03-28 11:31:34',NULL,NULL,NULL),(6914226383656845312,'HtAmq','sid',NULL,'A2759DDEB1F2433B8D09754A8197FFA2',NULL,0,NULL,NULL,NULL,'2022-03-28 15:07:09','2022-03-28 15:07:09','2022-03-28 15:07:09',NULL,NULL,NULL),(6914226455882760192,'5vU96','hpx77',NULL,'667D177BD83144CDB1DC298A8D337507',NULL,0,NULL,NULL,NULL,'2022-03-28 15:07:27','2022-03-28 15:07:27','2022-03-28 15:07:27',NULL,NULL,NULL),(6914251446439378944,'XpNsQ','kankre',NULL,'C0A0896F91914B7E9B0C683BB3D30C9D',NULL,0,NULL,NULL,NULL,'2022-03-28 16:46:45','2022-03-28 16:46:45','2022-03-28 16:46:45',NULL,NULL,NULL),(6914289612835782656,'LwGeB','HhhhhhH',NULL,'0E32155DB44F4F6D8911DE639C592938',NULL,0,NULL,NULL,NULL,'2022-03-28 19:18:24','2022-03-28 19:18:24','2022-03-28 19:18:24',NULL,NULL,NULL),(6914308974913257472,'1IYkK','Aiet',NULL,'F6077898B1FF47A6A91734DC8A765FB7',NULL,0,NULL,NULL,NULL,'2022-03-28 20:35:21','2022-03-28 20:35:21','2022-03-28 20:35:21',NULL,NULL,NULL),(6914659878141165568,'rdyqz','fart',NULL,'66183E0C27864D44944CB6E185D0981B',NULL,0,NULL,NULL,NULL,'2022-03-29 19:49:43','2022-03-29 19:49:43','2022-03-29 19:49:43',NULL,NULL,NULL),(6914669652207468544,'Oc3RK','assssssss',NULL,'799F9B4BD1A8450FAAB76424D975A4E2',NULL,0,NULL,NULL,NULL,'2022-03-29 20:28:33','2022-03-29 20:28:33','2022-03-29 20:28:33',NULL,NULL,NULL),(6914684217603391488,'USK6J','fdsf',NULL,'CF655FF338E74B3DAAC6847B19F26465',NULL,0,NULL,NULL,NULL,'2022-03-29 21:26:26','2022-03-29 21:26:26','2022-03-29 21:26:26',NULL,NULL,NULL),(6914689410264989696,'81QdY','Triptych',NULL,'89B0A38C66204939AB76D72B73C8BDD8',NULL,0,NULL,NULL,NULL,'2022-03-29 21:47:04','2022-03-29 21:47:04','2022-03-29 21:47:04',NULL,NULL,NULL),(6914702341300027392,'vdNkX','frhsgbcs',NULL,'A21EF3CD29F9401CAB4760DD475C2167',NULL,0,NULL,NULL,NULL,'2022-03-29 22:38:27','2022-03-29 22:38:27','2022-03-29 22:38:27',NULL,NULL,NULL),(6914721605205622784,'wynQu','aaj',NULL,'D3927B018B884738891A8678DD0BC310',NULL,0,NULL,NULL,NULL,'2022-03-29 23:54:59','2022-03-29 23:54:59','2022-03-29 23:54:59',NULL,NULL,NULL),(6914770721172357120,'OtwD9','qawq',NULL,'CEF08024D0B1471FB46DA252747CFA29',NULL,0,NULL,NULL,NULL,'2022-03-30 03:10:10','2022-03-30 03:10:10','2022-03-30 03:10:10',NULL,NULL,NULL),(6914782925552615424,'EWB1h','o333',NULL,'2BF4F2022D524D4EA10CEE831C5682C9',NULL,0,NULL,NULL,NULL,'2022-03-30 03:58:39','2022-03-30 03:58:39','2022-03-30 03:58:39',NULL,NULL,NULL),(6914814431301992448,'A5oCy','kkkiuguihj',NULL,'8EC4D71F014349C19FB1274DDF199BD9',NULL,0,NULL,NULL,NULL,'2022-03-30 06:03:51','2022-03-30 06:03:51','2022-03-30 06:03:51',NULL,NULL,NULL),(6914820468826439680,'U1Wlg','dagdagb',NULL,'D244E1224E6745F6A141046448CE8FFB',NULL,0,NULL,NULL,NULL,'2022-03-30 06:27:50','2022-03-30 06:27:50','2022-03-30 06:27:50',NULL,NULL,NULL),(6914831833523814400,'sspuh','lars',NULL,'38681B6C286B42C9BF70327635C584AB',NULL,0,NULL,NULL,NULL,'2022-03-30 07:13:00','2022-03-30 07:13:00','2022-03-30 07:13:00',NULL,NULL,NULL),(6914835524335173632,'ADlCI','Eldin',NULL,'520414CE17144B73BDB47987D2528FAB',NULL,0,NULL,NULL,NULL,'2022-03-30 07:27:40','2022-03-30 07:27:40','2022-03-30 07:27:40',NULL,NULL,NULL),(6914968629322711040,'Ikuwn','Dobbs',NULL,'782BBD75BF054BEEA0C33C307F69565C',NULL,0,NULL,NULL,NULL,'2022-03-30 16:16:35','2022-03-30 16:16:35','2022-03-30 16:16:35',NULL,NULL,NULL),(6915146822281330688,'7FS64','Chad',NULL,'D44B5F60085E49C180BF79CF10CF9C07',NULL,0,NULL,NULL,NULL,'2022-03-31 04:04:39','2022-03-31 04:04:39','2022-03-31 04:04:39',NULL,NULL,NULL),(6915235962213629952,'99oYI','Lebon',NULL,'74BB6A19CB174D9885E2F9D9D883C77F',NULL,0,NULL,NULL,NULL,'2022-03-31 09:58:52','2022-03-31 09:58:52','2022-03-31 09:58:52',NULL,NULL,NULL),(6915236628810170368,'w3dOD','Dedic',NULL,'686E4C531F79437FB125055BDD271BE9',NULL,0,NULL,NULL,NULL,'2022-03-31 10:01:31','2022-03-31 10:01:31','2022-03-31 10:01:31',NULL,NULL,NULL),(6915236640415809536,'yqphq','Hami',NULL,'C5546FBED68D4487A98FDC0E79F42D22',NULL,0,NULL,NULL,NULL,'2022-03-31 10:01:33','2022-03-31 10:01:33','2022-03-31 10:01:33',NULL,NULL,NULL),(6915237358560346112,'1uSO2','SenileBob',NULL,'C797CAAEEC584E08A4379B0A61122440',NULL,0,NULL,NULL,NULL,'2022-03-31 10:04:25','2022-03-31 10:04:25','2022-03-31 10:04:25',NULL,NULL,NULL),(6915239445063008256,'Q67qk','junneh',NULL,'9FF6B25DE0BD4F22B596DFF78C91ECF3',NULL,0,NULL,NULL,NULL,'2022-03-31 10:12:42','2022-03-31 10:12:42','2022-03-31 10:12:42',NULL,NULL,NULL),(6915239673228951552,'FVKcx','Jonas',NULL,'D81353C092C24B0FA65FEF6568F4632F',NULL,0,NULL,NULL,NULL,'2022-03-31 10:13:37','2022-03-31 10:13:37','2022-03-31 10:13:37',NULL,NULL,NULL),(6915323728595255296,'CkPMh','Okok',NULL,'1DB86B5162E049CE9F7A096BF35B1ABA',NULL,0,NULL,NULL,NULL,'2022-03-31 15:47:37','2022-03-31 15:47:37','2022-03-31 15:47:37',NULL,NULL,NULL),(6915325658264502272,'itUDq','Ida',NULL,'B8B4C08FBB9849A0B82A2B43C74A274E',NULL,0,NULL,NULL,NULL,'2022-03-31 15:55:17','2022-03-31 15:55:17','2022-03-31 15:55:17',NULL,NULL,NULL),(6915325804943507456,'I7XoD','Idaf',NULL,'5A636CC9D4A24B27A3D1B2D16ADB946F',NULL,0,NULL,NULL,NULL,'2022-03-31 15:55:52','2022-03-31 15:55:52','2022-03-31 15:55:52',NULL,NULL,NULL),(6916069143133290496,'F0T9G','Gregor',NULL,'B8CD813893984015A5D6B96B54974FC3',NULL,0,NULL,NULL,NULL,'2022-04-02 17:09:38','2022-04-02 17:09:38','2022-04-02 17:09:38',NULL,NULL,NULL),(6916090552110809088,'zNPQe','Doug',NULL,'2771516E3BCC432D8311656F54520EFA',NULL,0,NULL,NULL,NULL,'2022-04-02 18:34:42','2022-04-02 18:34:42','2022-04-02 18:34:42',NULL,NULL,NULL),(6916163619809918976,'WKmkr','dtb',NULL,'90F0CC4C05534551A2D1767A1CA92516',NULL,0,NULL,NULL,NULL,'2022-04-02 23:25:03','2022-04-02 23:25:03','2022-04-02 23:25:03',NULL,NULL,NULL),(6916328857058410496,'XTPVL','Noob',NULL,'9BB05FF786894070929EC4EECE21FD08',NULL,0,NULL,NULL,NULL,'2022-04-03 10:21:38','2022-04-03 10:21:38','2022-04-03 10:21:38',NULL,NULL,NULL),(6917894580545257472,'5rOL1','llllll',NULL,'0031A403207741ECA62D45CFF2436A92',NULL,0,NULL,NULL,NULL,'2022-04-07 18:03:16','2022-04-07 18:03:16','2022-04-07 18:03:16',NULL,NULL,NULL),(6919976208742481920,'fcDzb','123asd123',NULL,'F2674A45BC944DDA8B27D77FB639585A',NULL,0,NULL,NULL,NULL,'2022-04-13 11:54:55','2022-04-13 11:54:55','2022-04-13 11:54:55',NULL,NULL,NULL),(6919976304905289728,'w2iWr','jjj',NULL,'5693693C028C4AB3BA0AB0DA079B18DD',NULL,0,NULL,NULL,NULL,'2022-04-13 11:55:18','2022-04-13 11:55:18','2022-04-13 11:55:18',NULL,NULL,NULL),(6919976483536502784,'wntGF','Bil',NULL,'D876D50F116D4BF5A6A4E5A219FDEB47',NULL,0,NULL,NULL,NULL,'2022-04-13 11:56:00','2022-04-13 11:56:00','2022-04-13 11:56:00',NULL,NULL,NULL),(6920376297084420096,'jcjyl','ikke',NULL,'956157A13A6146DFA63E5B4D7EF28D22',NULL,0,NULL,NULL,NULL,'2022-04-14 14:24:43','2022-04-14 14:24:43','2022-04-14 14:24:43',NULL,NULL,NULL),(6920376415556730880,'7rmVK','jjjjj',NULL,'7784A3B1CC9040D9BA3C108EF9AEA502',NULL,0,NULL,NULL,NULL,'2022-04-14 14:25:11','2022-04-14 14:25:11','2022-04-14 14:25:11',NULL,NULL,NULL),(6920650217159131136,'3FAP4','Eufhyg',NULL,'72DB2BAB875C4F11A048BCB39BAE2FC1',NULL,0,NULL,NULL,NULL,'2022-04-15 08:33:11','2022-04-15 08:33:11','2022-04-15 08:33:11',NULL,NULL,NULL),(6920861903728148480,'wJbMj','noa',NULL,'B86861831F3E434AABE5D46375BF10F1',NULL,0,NULL,NULL,NULL,'2022-04-15 22:34:21','2022-04-15 22:34:21','2022-04-15 22:34:21',NULL,NULL,NULL);
/*!40000 ALTER TABLE `person` ENABLE KEYS */;
UNLOCK TABLES;

--
-- Table structure for table `person_rank`
--

DROP TABLE IF EXISTS `person_rank`;
/*!40101 SET @saved_cs_client     = @@character_set_client */;
/*!50503 SET character_set_client = utf8mb4 */;
CREATE TABLE `person_rank` (
  `shortid` varchar(32) NOT NULL,
  `game_slug` varchar(32) NOT NULL,
  `season` int NOT NULL DEFAULT '0',
  `rating` int NOT NULL DEFAULT '2500',
  `mu` double NOT NULL DEFAULT '25',
  `sigma` double NOT NULL DEFAULT '5',
  `win` int NOT NULL DEFAULT '0',
  `loss` int NOT NULL DEFAULT '0',
  `tie` int NOT NULL DEFAULT '0',
  `played` int NOT NULL DEFAULT '1',
  `highscore` int NOT NULL DEFAULT '0',
  `tsupdate` datetime NOT NULL,
  `tsinsert` datetime NOT NULL,
  PRIMARY KEY (`shortid`,`game_slug`,`season`),
  KEY `game_slug_index` (`game_slug`),
  KEY `shortid_index` (`shortid`),
  KEY `sorted_index` (`rating` DESC),
  KEY `gameuserseason_index` (`shortid`,`game_slug`,`season`)
) ENGINE=InnoDB DEFAULT CHARSET=utf8mb3;
/*!40101 SET character_set_client = @saved_cs_client */;

--
-- Dumping data for table `person_rank`
--

LOCK TABLES `person_rank` WRITE;
/*!40000 ALTER TABLE `person_rank` DISABLE KEYS */;
INSERT INTO `person_rank` VALUES ('09qL7','checkers',0,2500,25,5,0,0,0,0,0,'2022-02-11 10:11:38','2022-02-11 10:11:38'),('0JQJp','advtictactoe',0,2500,25,5,0,0,0,0,0,'2022-01-23 08:56:04','2022-01-23 08:56:04'),('0JQJp','anime-trivia-simple',0,2500,25,5,0,0,0,0,0,'2022-01-23 08:56:05','2022-01-23 08:56:05'),('0JQJp','checkers',0,2500,25,5,0,0,0,0,0,'2022-01-23 08:56:05','2022-01-23 08:56:05'),('0JQJp','tictactoe',0,2163,21.627481357494695,4.688792646568708,0,2,0,2,0,'2022-01-23 20:25:20','2022-01-23 08:56:03'),('1EpZ2','memorize-up',0,2500,25,5,0,0,0,2,9,'2022-03-28 09:03:20','2022-03-28 09:01:21'),('1I4WT','tictactoe',0,2500,25,5,0,0,0,0,0,'2022-02-12 11:46:00','2022-02-12 11:46:00'),('1IYkK','memorize-up',0,2500,25,5,0,0,0,1,26,'2022-03-28 20:41:06','2022-03-28 20:35:22'),('1kr52','memorize-up',0,2500,25,5,0,0,0,1,4,'2022-03-26 06:29:30','2022-03-26 06:28:53'),('1uSO2','memorize-up',0,2500,25,5,0,0,0,7,15,'2022-03-31 10:27:15','2022-03-31 10:04:25'),('1We0L','checkers',0,2500,25,5,0,0,0,0,0,'2022-02-11 06:25:41','2022-02-11 06:25:41'),('2mq4H','tictactoe',0,2500,25,5,0,0,0,0,0,'2022-02-16 18:13:46','2022-02-16 18:13:46'),('3ErBC','tictactoe',0,2500,25,5,0,0,0,0,0,'2022-01-20 05:25:01','2022-01-20 05:25:01'),('3FAP4','tictactoe',0,2500,25,5,0,0,0,0,0,'2022-04-15 08:33:11','2022-04-15 08:33:11'),('3gKNg','tictactoe',0,2500,25,5,0,0,0,0,0,'2022-02-11 06:22:19','2022-02-11 06:22:19'),('3QZzC','tictactoe',0,2500,25,5,0,0,0,0,0,'2022-01-18 06:05:03','2022-01-18 06:05:03'),('41gLX','advtictactoe',0,2500,25,5,0,0,0,0,0,'2022-02-13 02:30:03','2022-02-13 02:30:03'),('4EWBv','memorize-up',0,2500,25,5,0,0,0,1,10,'2022-03-26 15:07:14','2022-03-26 15:06:21'),('4EWBv','tictactoe',0,2626,26.259025809711357,4.841710891186386,1,0,0,1,100,'2022-04-01 18:13:44','2022-04-01 18:13:20'),('4OYTS','anime-trivia-simple',0,2500,25,5,0,0,0,0,0,'2022-02-17 04:13:54','2022-02-17 04:13:54'),('4UCj1','advtictactoe',0,2500,25,5,0,0,0,0,0,'2022-02-12 08:10:44','2022-02-12 08:10:44'),('4UCj1','checkers',0,2500,25,5,0,0,0,0,0,'2022-02-12 08:10:46','2022-02-12 08:10:46'),('4UCj1','tictactoe',0,2500,25,5,0,0,0,0,0,'2022-02-12 08:09:47','2022-02-12 08:09:47'),('5rOL1','memorize-up',0,2500,25,5,0,0,0,1,3,'2022-04-07 18:03:46','2022-04-07 18:03:40'),('5rOL1','tictactoe',0,2500,25,5,0,0,0,0,0,'2022-04-07 18:03:17','2022-04-07 18:03:17'),('5vU96','tictactoe',0,2364,23.64196380936222,4.898792710791098,0,1,0,1,0,'2022-03-28 15:07:49','2022-03-28 15:07:27'),('6ag4Q','checkers',0,2500,25,5,0,0,0,0,0,'2022-03-15 05:05:35','2022-03-15 05:05:35'),('6ag4Q','tictactoe',0,2500,25,5,0,0,0,0,0,'2022-03-15 05:05:35','2022-03-15 05:05:35'),('6brMX','tictactoe',0,2500,25,5,0,0,0,0,0,'2022-02-11 10:15:53','2022-02-11 10:15:53'),('6ss0z','memorize-up',0,2500,25,5,0,0,0,1,3,'2022-03-26 19:21:02','2022-03-26 19:20:53'),('7FS64','checkers',0,2500,25,5,0,0,0,0,0,'2022-03-31 04:04:40','2022-03-31 04:04:40'),('7hEic','tictactoe',0,2500,25,5,0,0,0,0,0,'2022-03-04 22:28:30','2022-03-04 22:28:30'),('7rmVK','tictactoe',0,2500,25,5,0,0,0,0,0,'2022-04-14 14:25:12','2022-04-14 14:25:12'),('81QdY','memorize-up',0,2500,25,5,0,0,0,1,5,'2022-03-29 21:47:50','2022-03-29 21:47:07'),('8SWbc','memorize-up',0,2500,25,5,0,0,0,0,0,'2022-03-26 12:36:55','2022-03-26 12:36:55'),('99oYI','memorize-up',0,2500,25,5,0,0,0,9,18,'2022-03-31 11:42:33','2022-03-31 09:58:52'),('9Z8LX','tictactoe',0,2500,25,5,0,0,0,0,0,'2022-02-13 02:30:08','2022-02-13 02:30:08'),('a1rhu','memorize-up',0,2500,25,5,0,0,0,1,8,'2022-03-27 20:05:47','2022-03-27 20:05:04'),('A3iec','tictactoe',0,2500,25,5,0,0,0,0,0,'2022-02-11 08:35:46','2022-02-11 08:35:46'),('A5oCy','tictactoe',0,2500,25,5,0,0,0,0,0,'2022-03-30 06:03:52','2022-03-30 06:03:52'),('a6auU','tictactoe',0,2500,25,5,0,0,0,0,0,'2022-02-14 03:42:18','2022-02-14 03:42:18'),('AdAwV','tictactoe',0,2500,25,5,0,0,0,0,0,'2022-02-28 01:48:32','2022-02-28 01:48:32'),('ADlCI','memorize-up',0,2500,25,5,0,0,0,1,13,'2022-03-30 07:29:23','2022-03-30 07:28:03'),('ADlCI','tictactoe',0,2500,25,5,0,0,0,0,0,'2022-03-30 07:27:40','2022-03-30 07:27:40'),('Ae9ri','memorize-up',0,2500,25,5,0,0,0,1,3,'2022-03-26 11:46:16','2022-03-26 11:46:10'),('AGzpz','memorize-up',0,2500,25,5,0,0,0,2,5,'2022-03-26 16:43:01','2022-03-26 16:42:26'),('At71t','anime-trivia-simple',0,2500,25,5,0,0,0,0,0,'2022-01-10 03:53:29','2022-01-10 03:53:29'),('B04pU','advtictactoe',0,2496,24.96154115732866,4.88320262489268,0,0,1,1,0,'2022-01-23 01:51:35','2022-01-23 01:49:22'),('B04pU','anime-trivia-simple',0,2500,25,5,0,0,0,0,0,'2022-01-23 01:51:51','2022-01-23 01:51:51'),('B04pU','checkers',0,2500,25,5,0,0,0,0,0,'2022-01-23 01:35:17','2022-01-23 01:35:17'),('bhvvr','tictactoe',0,2303,23.02924900241876,4.691472270659285,0,1,1,2,0,'2022-02-28 02:40:27','2022-02-28 02:39:41'),('BJBYA','tictactoe',0,2480,24.802537906376905,4.839460925744615,0,0,1,1,0,'2022-01-02 21:21:30','2022-01-02 21:14:07'),('BsTkI','anime-trivia-simple',0,2500,25,5,0,0,0,0,0,'2022-02-19 00:14:32','2022-02-19 00:14:32'),('Bvi3V','memorize-up',0,2500,25,5,0,0,0,1,3,'2022-03-28 06:10:59','2022-03-28 06:10:46'),('CkPMh','anime-trivia-simple',0,2500,25,5,0,0,0,0,0,'2022-03-31 15:48:35','2022-03-31 15:48:35'),('CkPMh','tictactoe',0,2500,25,5,0,0,0,0,0,'2022-03-31 15:47:38','2022-03-31 15:47:38'),('CsmCT','tictactoe',0,2635,26.346185673588984,4.839055208688024,1,0,0,1,0,'2022-02-26 08:28:17','2022-02-26 08:27:23'),('d3x7g','memorize-up',0,2500,25,5,0,0,0,2,5,'2022-03-27 04:22:14','2022-03-27 04:21:11'),('dDtDG','checkers',0,2500,25,5,0,0,0,0,0,'2022-02-13 01:01:53','2022-02-13 01:01:53'),('dDtDG','tictactoe',0,2500,25,5,0,0,0,0,0,'2022-02-13 01:01:14','2022-02-13 01:01:14'),('DUFNT','tictactoe',0,2500,25,5,0,0,0,0,0,'2022-02-16 05:19:04','2022-02-16 05:19:04'),('dwgcG','tictactoe',0,2500,25,5,0,0,0,0,0,'2022-02-23 04:46:37','2022-02-23 04:46:37'),('DzalW','tictactoe',0,2500,25,5,0,0,0,0,0,'2022-01-10 06:27:05','2022-01-10 06:27:05'),('EezOu','checkers',0,2500,25,5,0,0,0,0,0,'2022-02-11 07:43:17','2022-02-11 07:43:17'),('eOYXS','memorize-up',0,2500,25,5,0,0,0,1,3,'2022-03-28 11:32:38','2022-03-28 11:31:35'),('eVLWD','advtictactoe',0,2500,25,5,0,0,0,0,0,'2022-02-16 10:52:41','2022-02-16 10:52:41'),('EWB1h','memorize-up',0,2500,25,5,0,0,0,1,8,'2022-03-30 04:00:31','2022-03-30 03:58:57'),('EWB1h','tictactoe',0,2500,25,5,0,0,0,0,0,'2022-03-30 03:58:41','2022-03-30 03:58:41'),('eyY4g','memorize-up',0,2500,25,5,0,0,0,1,3,'2022-03-26 11:52:36','2022-03-26 11:52:26'),('F0T9G','memorize-up',0,2500,25,5,0,0,0,5,5,'2022-04-02 17:10:34','2022-04-02 17:09:38'),('fcDzb','tictactoe',0,2500,25,5,0,0,0,0,0,'2022-04-13 11:54:56','2022-04-13 11:54:56'),('FVKcx','memorize-up',0,2500,25,5,0,0,0,3,10,'2022-03-31 10:16:03','2022-03-31 10:13:37'),('GAoVy','checkers',0,2500,25,5,0,0,0,0,0,'2022-02-11 11:05:12','2022-02-11 11:05:12'),('GAoVy','tictactoe',0,2500,25,5,0,0,0,0,0,'2022-02-11 11:05:49','2022-02-11 11:05:49'),('Gdpl5','tictactoe',0,2500,25,5,0,0,0,0,0,'2022-01-23 08:37:49','2022-01-23 08:37:49'),('giPKq','tictactoe',0,2500,25,5,0,0,0,0,0,'2022-02-13 03:02:26','2022-02-13 03:02:26'),('gQg35','checkers',0,2500,25,5,0,0,0,0,0,'2022-02-13 02:39:09','2022-02-13 02:39:09'),('H8g81','advtictactoe',0,2500,25,5,0,0,0,0,0,'2022-02-11 21:27:39','2022-02-11 21:27:39'),('H8g81','anime-trivia-simple',0,2500,25,5,0,0,0,0,0,'2022-02-11 21:40:28','2022-02-11 21:40:28'),('H8g81','checkers',0,2500,25,5,0,0,0,0,0,'2022-02-11 23:25:09','2022-02-11 23:25:09'),('H8g81','tictactoe',0,2500,25,5,0,0,0,0,0,'2022-02-11 21:27:17','2022-02-11 21:27:17'),('HQJi4','tictactoe',0,2500,25,5,0,0,0,0,0,'2022-01-03 12:58:29','2022-01-03 12:58:29'),('HqY56','memorize-up',0,2500,25,5,0,0,0,0,0,'2022-03-27 14:17:00','2022-03-27 14:17:00'),('HtAmq','tictactoe',0,2636,26.35803619063778,4.898792710791098,1,0,0,1,100,'2022-03-28 15:07:49','2022-03-28 15:07:10'),('HVP1O','memorize-up',0,2500,25,5,0,0,0,1,4,'2022-03-26 10:56:50','2022-03-26 10:56:40'),('I0PAx','memorize-up',0,2500,25,5,0,0,0,0,0,'2022-03-26 10:55:41','2022-03-26 10:55:41'),('I7XoD','memorize-up',0,2500,25,5,0,0,0,4,4,'2022-03-31 15:56:55','2022-03-31 15:56:03'),('IEeNT','advtictactoe',0,2500,25,5,0,0,0,0,0,'2022-02-11 23:23:51','2022-02-11 23:23:51'),('IEeNT','anime-trivia-simple',0,2500,25,5,0,0,0,0,0,'2022-02-11 22:39:17','2022-02-11 22:39:17'),('IEeNT','checkers',0,2500,25,5,0,0,0,0,0,'2022-02-11 23:25:15','2022-02-11 23:25:15'),('IEeNT','tictactoe',0,2500,25,5,0,0,0,0,0,'2022-02-11 23:24:35','2022-02-11 23:24:35'),('IflN0','advtictactoe',0,2500,25,5,0,0,0,0,0,'2022-02-11 07:21:38','2022-02-11 07:21:38'),('IflN0','checkers',0,2500,25,5,0,0,0,0,0,'2022-02-11 07:22:37','2022-02-11 07:22:37'),('IflN0','tictactoe',0,2500,25,5,0,0,0,0,0,'2022-02-11 07:18:12','2022-02-11 07:18:12'),('iir4R','tictactoe',0,2500,25,5,0,0,0,0,0,'2022-01-21 00:43:19','2022-01-21 00:43:19'),('IJkLI','advtictactoe',0,2500,25,5,0,0,0,0,0,'2022-02-13 02:52:47','2022-02-13 02:52:47'),('IJkLI','checkers',0,2500,25,5,0,0,0,0,0,'2022-02-13 02:53:00','2022-02-13 02:53:00'),('IJkLI','tictactoe',0,2500,25,5,0,0,0,0,0,'2022-02-13 02:51:52','2022-02-13 02:51:52'),('Ikuwn','tictactoe',0,2500,25,5,0,0,0,0,0,'2022-03-30 16:16:35','2022-03-30 16:16:35'),('IPToX','tictactoe',0,2500,25,5,0,0,0,0,0,'2022-02-12 09:35:15','2022-02-12 09:35:15'),('itUDq','memorize-up',0,2500,25,5,0,0,0,1,3,'2022-03-31 15:55:26','2022-03-31 15:55:18'),('ixpiQ','memorize-up',0,2500,25,5,0,0,0,1,3,'2022-03-26 08:52:31','2022-03-26 08:52:23'),('iZiBF','advtictactoe',0,2500,25,5,0,0,0,0,0,'2022-01-23 08:43:00','2022-01-23 08:43:00'),('iZiBF','anime-trivia-simple',0,2500,25,5,0,0,0,0,0,'2022-01-23 08:48:36','2022-01-23 08:48:36'),('iZiBF','tictactoe',0,2312,23.115080660858546,4.689269409242506,0,1,1,2,0,'2022-01-23 08:36:10','2022-01-23 08:35:18'),('J13i4','advtictactoe',0,2500,25,5,0,0,0,0,0,'2022-02-14 03:06:52','2022-02-14 03:06:52'),('jcjyl','memorize-up',0,2500,25,5,0,0,0,1,10,'2022-04-14 14:26:02','2022-04-14 14:25:07'),('jcjyl','tictactoe',0,2500,25,5,0,0,0,0,0,'2022-04-14 14:24:44','2022-04-14 14:24:44'),('JqUJk','tictactoe',0,2638,26.381600582624195,4.838132350984601,1,0,0,1,0,'2022-02-22 04:24:36','2022-02-22 04:24:13'),('JRrBb','memorize-up',0,2500,25,5,0,0,0,1,4,'2022-03-26 19:35:02','2022-03-26 19:34:55'),('JRyFn','tictactoe',0,2500,25,5,0,0,0,0,0,'2022-02-20 05:07:41','2022-02-20 05:07:41'),('JyKey','advtictactoe',0,2500,25,5,0,0,0,0,0,'2022-02-13 00:20:26','2022-02-13 00:20:26'),('k3YJC','advtictactoe',0,2433,24.33443542241779,4.336920544465004,4,3,1,8,0,'2022-01-18 04:04:37','2022-01-09 07:11:19'),('k3YJC','anime-trivia-simple',0,2207,22.07492993131501,4.387143105930501,2,3,2,7,0,'2022-02-27 19:24:55','2022-01-10 02:12:39'),('k3YJC','checkers',0,2203,22.032374128764573,4.398089126256512,1,4,2,7,0,'2022-02-28 01:50:27','2022-01-23 01:00:37'),('k3YJC','memorize-up',0,2500,25,5,0,0,0,1,3,'2022-03-26 05:41:29','2022-03-26 05:41:25'),('k3YJC','tictactoe',0,2200,21.999820097888932,1.2606918123642923,74,63,6,143,0,'2022-04-01 05:24:37','2022-01-02 05:00:42'),('kNrky','tictactoe',0,2500,25,5,0,0,0,0,0,'2022-02-16 06:03:35','2022-02-16 06:03:35'),('KyYNN','checkers',0,2500,25,5,0,0,0,0,0,'2022-02-14 14:51:06','2022-02-14 14:51:06'),('lSZrn','tictactoe',0,2500,25,5,0,0,0,0,0,'2022-02-12 07:44:00','2022-02-12 07:44:00'),('LwGeB','memorize-up',0,2500,25,5,0,0,0,2,4,'2022-03-28 19:18:44','2022-03-28 19:18:25'),('m1UB9','memorize-up',0,2500,25,5,0,0,0,1,7,'2022-03-28 08:26:30','2022-03-28 08:26:00'),('MNdJ0','tictactoe',0,2500,25,5,0,0,0,0,0,'2022-02-11 07:18:10','2022-02-11 07:18:10'),('mTlLt','advtictactoe',0,2599,25.987143580494127,4.699368152131668,2,1,0,3,0,'2022-01-11 01:54:03','2022-01-10 20:39:50'),('mTlLt','anime-trivia-simple',0,2500,25,5,0,0,0,0,0,'2022-01-11 01:37:36','2022-01-11 01:37:36'),('mTlLt','tictactoe',0,1728,17.277247182063796,3.269109362899588,6,14,1,21,0,'2022-01-11 01:49:05','2022-01-09 01:18:11'),('mZ62q','memorize-up',0,2500,25,5,0,0,0,2,9,'2022-03-26 22:45:53','2022-03-26 22:44:57'),('nC3JS','anime-trivia-simple',0,2500,25,5,0,0,0,0,0,'2022-02-28 08:09:30','2022-02-28 08:09:30'),('nz4CU','tictactoe',0,2107,21.067280911047252,1.4488110352077275,12,10,0,22,0,'2022-01-11 04:32:19','2022-01-02 00:25:08'),('o6JmQ','memorize-up',0,2500,25,5,0,0,0,1,9,'2022-03-26 06:07:42','2022-03-26 06:07:00'),('Oc3RK','tictactoe',0,2500,25,5,0,0,0,0,0,'2022-03-29 20:28:34','2022-03-29 20:28:34'),('Oo1Hk','memorize-up',0,2500,25,5,0,0,0,2,6,'2022-03-27 03:34:02','2022-03-27 03:33:19'),('OqpOJ','anime-trivia-simple',0,2500,25,5,0,0,0,0,0,'2022-02-28 08:14:53','2022-02-28 08:14:53'),('OqpOJ','tictactoe',0,2500,25,5,0,0,0,0,0,'2022-02-28 08:15:25','2022-02-28 08:15:25'),('OtwD9','memorize-up',0,2500,25,5,0,0,0,1,3,'2022-03-30 03:10:20','2022-03-30 03:10:11'),('ouYLK','advtictactoe',0,2455,24.552429376813052,4.106613007399702,4,6,2,12,0,'2022-01-23 01:51:35','2022-01-09 07:11:20'),('ouYLK','anime-trivia-simple',0,2793,27.925070068684995,4.387143105930501,3,2,2,7,0,'2022-02-27 19:24:55','2022-01-10 02:12:34'),('ouYLK','checkers',0,2818,28.181545205871505,4.532652851332207,4,1,0,5,0,'2022-02-28 01:50:27','2022-01-23 01:00:35'),('ouYLK','memorize-up',0,2500,25,5,0,0,0,22,17,'2022-04-25 00:08:09','2022-03-26 04:29:31'),('ouYLK','tictactoe',0,2156,21.557233224302845,1.2221064416859375,89,89,10,188,0,'2022-04-01 18:13:44','2022-01-02 00:25:11'),('OXcMB','memorize-up',0,2500,25,5,0,0,0,1,3,'2022-03-26 06:30:22','2022-03-26 06:30:15'),('P97xK','advtictactoe',0,2500,25,5,0,0,0,0,0,'2022-01-16 01:14:07','2022-01-16 01:14:07'),('P97xK','anime-trivia-simple',0,2500,25,5,0,0,0,0,0,'2022-01-16 01:14:01','2022-01-16 01:14:01'),('P97xK','tictactoe',0,2500,25,5,0,0,0,0,0,'2022-01-16 01:12:46','2022-01-16 01:12:46'),('pkibt','tictactoe',0,2500,25,5,0,0,0,0,0,'2022-02-11 07:23:17','2022-02-11 07:23:17'),('PLTzn','tictactoe',0,2500,25,5,0,0,0,0,0,'2022-02-28 08:38:16','2022-02-28 08:38:16'),('PZ7Z5','memorize-up',0,2500,25,5,0,0,0,1,7,'2022-03-26 09:10:07','2022-03-26 09:09:36'),('Q67qk','memorize-up',0,2500,25,5,0,0,0,1,17,'2022-03-31 10:15:18','2022-03-31 10:12:43'),('Q90hE','anime-trivia-simple',0,2500,25,5,0,0,0,0,0,'2022-01-22 18:59:12','2022-01-22 18:59:12'),('q97oJ','tictactoe',0,2500,25,5,0,0,0,0,0,'2022-02-13 09:11:58','2022-02-13 09:11:58'),('qAJj0','checkers',0,2500,25,5,0,0,0,0,0,'2022-02-11 06:31:06','2022-02-11 06:31:06'),('qeIlS','memorize-up',0,2500,25,5,0,0,0,1,3,'2022-03-26 07:46:00','2022-03-26 07:45:30'),('QF4m3','tictactoe',0,2500,25,5,0,0,0,0,0,'2022-02-01 19:49:04','2022-02-01 19:49:04'),('qFv5d','memorize-up',0,2500,25,5,0,0,0,1,11,'2022-03-27 08:44:46','2022-03-27 08:43:35'),('QHHxz','advtictactoe',0,2500,25,5,0,0,0,0,0,'2022-02-15 09:38:32','2022-02-15 09:38:32'),('QHHxz','anime-trivia-simple',0,2500,25,5,0,0,0,0,0,'2022-02-15 09:38:49','2022-02-15 09:38:49'),('QHHxz','tictactoe',0,2500,25,5,0,0,0,0,0,'2022-02-15 09:37:53','2022-02-15 09:37:53'),('QJQiO','advtictactoe',0,2500,25,5,0,0,0,0,0,'2022-02-11 06:55:14','2022-02-11 06:55:14'),('QrjIA','tictactoe',0,2524,25.24098650484973,4.402571645861372,3,2,0,5,0,'2022-01-15 10:20:47','2022-01-15 09:56:50'),('r9bO8','advtictactoe',0,2500,25,5,0,0,0,0,0,'2022-01-15 09:27:05','2022-01-15 09:27:05'),('r9bO8','tictactoe',0,2500,25,5,0,0,0,0,0,'2022-01-15 09:26:22','2022-01-15 09:26:22'),('rdyqz','tictactoe',0,2500,25,5,0,0,0,0,0,'2022-03-29 19:49:43','2022-03-29 19:49:43'),('rhqLu','checkers',0,2500,25,5,0,0,0,0,0,'2022-02-11 06:53:31','2022-02-11 06:53:31'),('rl3fr','tictactoe',0,2500,25,5,0,0,0,0,0,'2022-02-12 07:58:12','2022-02-12 07:58:12'),('SoJ58','anime-trivia-simple',0,2500,25,5,0,0,0,0,0,'2022-01-20 05:09:53','2022-01-20 05:09:53'),('SoJ58','tictactoe',0,2218,22.177859372475254,3.259193492168923,12,11,0,23,0,'2022-01-20 22:41:48','2022-01-19 18:24:07'),('sspuh','tictactoe',0,2500,25,5,0,0,0,0,0,'2022-03-30 07:13:01','2022-03-30 07:13:01'),('TkXZW','tictactoe',0,2313,23.127280293224253,4.841113548617739,0,1,0,1,0,'2022-01-15 09:19:28','2022-01-15 09:19:17'),('Tpdes','tictactoe',0,2500,25,5,0,0,0,0,0,'2022-02-13 15:30:09','2022-02-13 15:30:09'),('TURTy','memorize-up',0,2500,25,5,0,0,0,2,5,'2022-03-26 07:45:44','2022-03-26 07:44:12'),('U1Wlg','tictactoe',0,2500,25,5,0,0,0,0,0,'2022-03-30 06:27:52','2022-03-30 06:27:52'),('U4v0i','memorize-up',0,2500,25,5,0,0,0,2,25,'2022-03-28 04:44:51','2022-03-28 04:36:14'),('uRlXX','anime-trivia-simple',0,2500,25,5,0,0,0,0,0,'2022-02-11 23:31:42','2022-02-11 23:31:42'),('Us9US','tictactoe',0,2500,25,5,0,0,0,0,0,'2022-02-13 01:34:31','2022-02-13 01:34:31'),('USK6J','anime-trivia-simple',0,2500,25,5,0,0,0,0,0,'2022-03-29 21:28:05','2022-03-29 21:28:05'),('USK6J','tictactoe',0,2500,25,5,0,0,0,0,0,'2022-03-29 21:26:33','2022-03-29 21:26:33'),('UyeYJ','tictactoe',0,2500,25,5,0,0,0,0,0,'2022-01-03 15:58:26','2022-01-03 15:58:26'),('vdNkX','tictactoe',0,2500,25,5,0,0,0,0,0,'2022-03-29 22:38:27','2022-03-29 22:38:27'),('vEK33','anime-trivia-simple',0,2500,25,5,0,0,0,0,0,'2022-02-11 13:40:34','2022-02-11 13:40:34'),('vEK33','tictactoe',0,2500,25,5,0,0,0,0,0,'2022-02-11 21:43:34','2022-02-11 21:43:34'),('vliYt','advtictactoe',0,2500,25,5,0,0,0,0,0,'2022-01-15 09:26:50','2022-01-15 09:26:50'),('vliYt','checkers',0,2500,25,4.802150491260983,0,0,2,2,0,'2022-01-23 01:27:05','2022-01-23 01:24:39'),('vliYt','tictactoe',0,2627,26.271854982529526,4.8424065119867965,1,0,0,1,0,'2022-01-19 01:07:08','2022-01-15 09:25:58'),('VLQSB','anime-trivia-simple',0,2500,25,5,0,0,0,0,0,'2022-02-13 06:34:25','2022-02-13 06:34:25'),('vN2vN','tictactoe',0,2313,23.129701060838592,4.8403685836038175,0,1,0,1,0,'2022-01-21 03:57:22','2022-01-21 03:56:01'),('vuEDG','tictactoe',0,2500,25,5,0,0,0,0,0,'2022-02-13 04:00:45','2022-02-13 04:00:45'),('vxXf6','memorize-up',0,2500,25,5,0,0,0,1,8,'2022-03-26 10:50:34','2022-03-26 10:48:10'),('w2iWr','tictactoe',0,2500,25,5,0,0,0,0,0,'2022-04-13 11:55:18','2022-04-13 11:55:18'),('w3dOD','memorize-up',0,2500,25,5,0,0,0,27,14,'2022-03-31 10:30:07','2022-03-31 10:01:31'),('wJbMj','memorize-up',0,2500,25,5,0,0,0,3,4,'2022-04-15 22:34:53','2022-04-15 22:34:22'),('wjKLP','anime-trivia-simple',0,2500,25,5,0,0,0,0,0,'2022-02-16 13:18:27','2022-02-16 13:18:27'),('WKmkr','tictactoe',0,2500,25,5,0,0,0,0,0,'2022-04-02 23:25:06','2022-04-02 23:25:06'),('wntGF','memorize-up',0,2500,25,5,0,0,0,1,6,'2022-04-13 11:56:23','2022-04-13 11:56:01'),('wQF30','memorize-up',0,2500,25,5,0,0,0,1,19,'2022-03-28 05:00:27','2022-03-28 04:56:48'),('WWpwg','tictactoe',0,2500,25,5,0,0,0,0,0,'2022-02-15 08:40:11','2022-02-15 08:40:11'),('wynQu','tictactoe',0,2500,25,5,0,0,0,0,0,'2022-03-29 23:55:00','2022-03-29 23:55:00'),('wzZGI','memorize-up',0,2500,25,5,0,0,0,1,6,'2022-03-26 22:07:35','2022-03-26 22:07:12'),('X4pmu','memorize-up',0,2500,25,5,0,0,0,1,3,'2022-03-26 08:48:26','2022-03-26 08:48:18'),('xdZmv','advtictactoe',0,2500,25,5,0,0,0,0,0,'2022-01-10 04:30:46','2022-01-10 04:30:46'),('XhyGK','advtictactoe',0,2500,25,5,0,0,0,0,0,'2022-02-24 20:50:34','2022-02-24 20:50:34'),('XhyGK','anime-trivia-simple',0,2500,25,5,0,0,0,0,0,'2022-02-24 20:50:34','2022-02-24 20:50:34'),('XhyGK','checkers',0,2500,25,5,0,0,0,0,0,'2022-02-24 20:50:35','2022-02-24 20:50:35'),('XhyGK','tictactoe',0,2684,26.836728722935685,4.446684393766547,3,1,0,4,0,'2022-02-24 23:05:36','2022-02-22 04:10:46'),('XnevQ','memorize-up',0,2500,25,5,0,0,0,1,8,'2022-03-26 08:05:21','2022-03-26 08:04:40'),('XpNsQ','memorize-up',0,2500,25,5,0,0,0,1,5,'2022-03-28 16:47:00','2022-03-28 16:46:45'),('XTPVL','tictactoe',0,2500,25,5,0,0,0,0,0,'2022-04-03 10:21:39','2022-04-03 10:21:39'),('Xxcrj','checkers',0,2500,25,5,0,0,0,0,0,'2022-03-14 05:02:29','2022-03-14 05:02:29'),('xxdkS','tictactoe',0,2500,25,5,0,0,0,0,0,'2022-02-16 08:43:24','2022-02-16 08:43:24'),('yDD5R','memorize-up',0,2500,25,5,0,0,0,1,3,'2022-03-26 10:05:31','2022-03-26 10:05:24'),('yGH8O','advtictactoe',0,2500,25,5,0,0,0,0,0,'2022-02-11 07:25:39','2022-02-11 07:25:39'),('YII1K','anime-trivia-simple',0,2500,25,5,0,0,0,0,0,'2022-01-23 08:46:35','2022-01-23 08:46:35'),('YII1K','tictactoe',0,2500,25,5,0,0,0,0,0,'2022-01-23 08:47:32','2022-01-23 08:47:32'),('yqphq','memorize-up',0,2500,25,5,0,0,0,6,20,'2022-03-31 10:25:16','2022-03-31 10:01:34'),('ysFMT','memorize-up',0,2500,25,5,0,0,0,2,19,'2022-03-28 03:40:10','2022-03-28 03:37:04'),('YuWoP','tictactoe',0,2651,26.513501336321173,4.889768223927541,1,0,0,1,0,'2022-01-15 10:20:47','2022-01-15 09:39:41'),('YxfCT','tictactoe',0,2500,25,5,0,0,0,0,0,'2022-03-11 18:02:08','2022-03-11 18:02:08'),('yY0rS','tictactoe',0,2633,26.326727189931333,4.840041917508111,1,0,0,1,0,'2022-01-21 03:40:08','2022-01-21 03:39:44'),('yzgge','memorize-up',0,2500,25,5,0,0,0,0,0,'2022-03-26 06:46:18','2022-03-26 06:46:18'),('Z09zL','memorize-up',0,2500,25,5,0,0,0,1,13,'2022-03-26 21:05:04','2022-03-26 21:03:30'),('Z09zL','tictactoe',0,2500,25,5,0,0,0,0,0,'2022-03-26 21:07:40','2022-03-26 21:07:40'),('z6LGP','memorize-up',0,2500,25,5,0,0,0,1,8,'2022-03-26 07:35:27','2022-03-26 07:30:32'),('zNPQe','tictactoe',0,2500,25,5,0,0,0,0,0,'2022-04-02 18:34:42','2022-04-02 18:34:42');
/*!40000 ALTER TABLE `person_rank` ENABLE KEYS */;
UNLOCK TABLES;

--
-- Table structure for table `person_room`
--

DROP TABLE IF EXISTS `person_room`;
/*!40101 SET @saved_cs_client     = @@character_set_client */;
/*!50503 SET character_set_client = utf8mb4 */;
CREATE TABLE `person_room` (
  `shortid` varchar(32) NOT NULL,
  `game_slug` varchar(32) DEFAULT NULL,
  `room_slug` varchar(32) NOT NULL,
  `tsupdate` datetime NOT NULL,
  `tsinsert` datetime NOT NULL,
  `mode` varchar(32) DEFAULT NULL,
  `version` int DEFAULT NULL,
  PRIMARY KEY (`shortid`,`room_slug`),
  KEY `shortid_index` (`shortid`),
  KEY `room_slug_index` (`room_slug`) /*!80000 INVISIBLE */,
  KEY `game_slug_index` (`game_slug`),
  KEY `roomgame_slug_index` (`room_slug`,`game_slug`)
) ENGINE=InnoDB DEFAULT CHARSET=utf8mb3;
/*!40101 SET character_set_client = @saved_cs_client */;

--
-- Dumping data for table `person_room`
--

LOCK TABLES `person_room` WRITE;
/*!40000 ALTER TABLE `person_room` DISABLE KEYS */;
INSERT INTO `person_room` VALUES ('1EpZ2','memorize-up','QTQMR8','2022-03-28 09:01:45','2022-03-28 09:01:45','rank',1),('eOYXS','memorize-up','PGLHQM','2022-03-28 11:31:35','2022-03-28 11:31:35','rank',1),('EWB1h','memorize-up','LLJC9K','2022-03-30 03:58:57','2022-03-30 03:58:57','rank',1);
/*!40000 ALTER TABLE `person_room` ENABLE KEYS */;
UNLOCK TABLES;

--
-- Table structure for table `platform_versions`
--

DROP TABLE IF EXISTS `platform_versions`;
/*!40101 SET @saved_cs_client     = @@character_set_client */;
/*!50503 SET character_set_client = utf8mb4 */;
CREATE TABLE `platform_versions` (
  `type` int NOT NULL,
  `version` int NOT NULL DEFAULT '0',
  `tsupdate` datetime DEFAULT CURRENT_TIMESTAMP,
  `tsinsert` datetime DEFAULT CURRENT_TIMESTAMP,
  PRIMARY KEY (`type`)
) ENGINE=InnoDB DEFAULT CHARSET=utf8mb3;
/*!40101 SET character_set_client = @saved_cs_client */;

--
-- Dumping data for table `platform_versions`
--

LOCK TABLES `platform_versions` WRITE;
/*!40000 ALTER TABLE `platform_versions` DISABLE KEYS */;
INSERT INTO `platform_versions` VALUES (1,84,'2022-03-30 03:50:10','2022-01-12 17:20:39');
/*!40000 ALTER TABLE `platform_versions` ENABLE KEYS */;
UNLOCK TABLES;

--
-- Table structure for table `server`
--

DROP TABLE IF EXISTS `server`;
/*!40101 SET @saved_cs_client     = @@character_set_client */;
/*!50503 SET character_set_client = utf8mb4 */;
CREATE TABLE `server` (
  `id` bigint NOT NULL,
  `hostname` varchar(45) NOT NULL,
  `zone` int NOT NULL,
  `instance_type` int NOT NULL,
  `player_count` int DEFAULT '0',
  `game_count` int DEFAULT '0',
  `public_addr` varchar(24) DEFAULT NULL,
  `private_addr` varchar(24) DEFAULT NULL,
  `connect_addr` varchar(45) DEFAULT NULL,
  `tsupdate` datetime DEFAULT NULL,
  `tsinsert` datetime DEFAULT NULL,
  PRIMARY KEY (`id`),
  UNIQUE KEY `public_addr_UNIQUE` (`public_addr`)
) ENGINE=InnoDB DEFAULT CHARSET=utf8mb3;
/*!40101 SET character_set_client = @saved_cs_client */;

--
-- Dumping data for table `server`
--

LOCK TABLES `server` WRITE;
/*!40000 ALTER TABLE `server` DISABLE KEYS */;
INSERT INTO `server` VALUES (1234,'mq-cluster-1',0,5,0,0,'127.0.0.1:5672','127.0.0.1:5672',NULL,'2021-05-09 15:29:50','2021-03-21 04:34:07'),(6779144424308867072,'redis-cluster-1',0,2,0,0,'127.0.0.1:6379','127.0.0.1:6379',NULL,'2021-04-29 22:44:01','2021-03-20 20:59:41'),(6779156509063380992,'wsnode',0,1,0,0,'127.0.0.1:9002',':9002',NULL,'2022-04-18 18:21:46','2021-03-20 21:47:42'),(6779258786507915264,'gameserver',0,3,0,0,'127.0.0.1:9100','192.168.0.9:9100',NULL,'2021-05-15 19:59:29','2021-03-21 04:34:07'),(6799740688205348864,'gameserver-1',0,3,0,0,'127.0.0.1:','192.168.1.117',NULL,'2021-09-19 05:08:33','2021-05-16 17:01:53');
/*!40000 ALTER TABLE `server` ENABLE KEYS */;
UNLOCK TABLES;

--
-- Table structure for table `server_type`
--

DROP TABLE IF EXISTS `server_type`;
/*!40101 SET @saved_cs_client     = @@character_set_client */;
/*!50503 SET character_set_client = utf8mb4 */;
CREATE TABLE `server_type` (
  `id` int NOT NULL,
  `type` varchar(45) DEFAULT NULL,
  PRIMARY KEY (`id`)
) ENGINE=InnoDB DEFAULT CHARSET=utf8mb3;
/*!40101 SET character_set_client = @saved_cs_client */;

--
-- Dumping data for table `server_type`
--

LOCK TABLES `server_type` WRITE;
/*!40000 ALTER TABLE `server_type` DISABLE KEYS */;
INSERT INTO `server_type` VALUES (1,'Node'),(2,'Redis'),(3,'Game Server'),(4,'API'),(5,'MQ');
/*!40000 ALTER TABLE `server_type` ENABLE KEYS */;
UNLOCK TABLES;
/*!40103 SET TIME_ZONE=@OLD_TIME_ZONE */;

/*!40101 SET SQL_MODE=@OLD_SQL_MODE */;
/*!40014 SET FOREIGN_KEY_CHECKS=@OLD_FOREIGN_KEY_CHECKS */;
/*!40014 SET UNIQUE_CHECKS=@OLD_UNIQUE_CHECKS */;
/*!40101 SET CHARACTER_SET_CLIENT=@OLD_CHARACTER_SET_CLIENT */;
/*!40101 SET CHARACTER_SET_RESULTS=@OLD_CHARACTER_SET_RESULTS */;
/*!40101 SET COLLATION_CONNECTION=@OLD_COLLATION_CONNECTION */;
/*!40111 SET SQL_NOTES=@OLD_SQL_NOTES */;

-- Dump completed on 2022-04-28 19:21:50
