CREATE DATABASE  IF NOT EXISTS `forkoff` /*!40100 DEFAULT CHARACTER SET utf8 */ /*!80016 DEFAULT ENCRYPTION='N' */;
USE `forkoff`;
-- MySQL dump 10.13  Distrib 8.0.27, for Win64 (x86_64)
--
-- Host: localhost    Database: forkoff
-- ------------------------------------------------------
-- Server version	8.0.23

/*!40101 SET @OLD_CHARACTER_SET_CLIENT=@@CHARACTER_SET_CLIENT */;
/*!40101 SET @OLD_CHARACTER_SET_RESULTS=@@CHARACTER_SET_RESULTS */;
/*!40101 SET @OLD_COLLATION_CONNECTION=@@COLLATION_CONNECTION */;
/*!50503 SET NAMES utf8 */;
/*!40103 SET @OLD_TIME_ZONE=@@TIME_ZONE */;
/*!40103 SET TIME_ZONE='+00:00' */;
/*!40014 SET @OLD_UNIQUE_CHECKS=@@UNIQUE_CHECKS, UNIQUE_CHECKS=0 */;
/*!40014 SET @OLD_FOREIGN_KEY_CHECKS=@@FOREIGN_KEY_CHECKS, FOREIGN_KEY_CHECKS=0 */;
/*!40101 SET @OLD_SQL_MODE=@@SQL_MODE, SQL_MODE='NO_AUTO_VALUE_ON_ZERO' */;
/*!40111 SET @OLD_SQL_NOTES=@@SQL_NOTES, SQL_NOTES=0 */;

--
-- Table structure for table `avatar`
--

DROP TABLE IF EXISTS `avatar`;
/*!40101 SET @saved_cs_client     = @@character_set_client */;
/*!50503 SET character_set_client = utf8mb4 */;
CREATE TABLE `avatar` (
  `id` int NOT NULL,
  `filename` varchar(64) NOT NULL,
  `info` varchar(300) DEFAULT NULL,
  `link` varchar(255) DEFAULT NULL,
  `tsinsert` datetime NOT NULL,
  `tsupdate` datetime NOT NULL,
  PRIMARY KEY (`id`)
) ENGINE=InnoDB DEFAULT CHARSET=utf8;
/*!40101 SET character_set_client = @saved_cs_client */;

--
-- Dumping data for table `avatar`
--

LOCK TABLES `avatar` WRITE;
/*!40000 ALTER TABLE `avatar` DISABLE KEYS */;
/*!40000 ALTER TABLE `avatar` ENABLE KEYS */;
UNLOCK TABLES;

--
-- Table structure for table `game_dev`
--

DROP TABLE IF EXISTS `game_dev`;
/*!40101 SET @saved_cs_client     = @@character_set_client */;
/*!50503 SET character_set_client = utf8mb4 */;
CREATE TABLE `game_dev` (
  `gameid` bigint NOT NULL,
  `ownerid` bigint NOT NULL,
  `role` int NOT NULL DEFAULT '0',
  `apikey` varchar(64) NOT NULL,
  `tsinsert` datetime NOT NULL DEFAULT CURRENT_TIMESTAMP,
  `tsupdate` datetime NOT NULL DEFAULT CURRENT_TIMESTAMP,
  PRIMARY KEY (`gameid`,`ownerid`)
) ENGINE=InnoDB DEFAULT CHARSET=utf8;
/*!40101 SET character_set_client = @saved_cs_client */;

--
-- Dumping data for table `game_dev`
--

LOCK TABLES `game_dev` WRITE;
/*!40000 ALTER TABLE `game_dev` DISABLE KEYS */;
INSERT INTO `game_dev` VALUES (6796538598029000704,149293855324246016,0,'FBC4864251084B188F1A6E63F70C38D3','2021-12-20 17:56:38','2021-12-20 17:56:38'),(6812169007416737792,149293855324246016,0,'05481F209C7F46298267AE36B3179FA3','2021-12-20 17:57:32','2021-12-20 17:57:32'),(6878850439647854592,149293855324246016,0,'5EABE9FC44984574B08576F204E50818','2021-12-21 00:15:47','2021-12-21 00:15:47'),(6878850838484221952,149293855324246016,0,'CC848CB23AB64D4FB98C83D14860AF70','2021-12-21 00:17:22','2021-12-21 00:17:22'),(6878851140797071360,149293855324246016,0,'20D6EC5C066441F089842AAF071CD3D9','2021-12-21 00:18:34','2021-12-21 00:18:34'),(6878851498453762048,149293855324246016,0,'EF1B9E98E0D94FD59DC2B9495058EAFE','2021-12-21 00:20:00','2021-12-21 00:20:00'),(6878851711604097024,149293855324246016,0,'31ABCDB9E1214BB184A6CC57E48FF194','2021-12-21 00:20:50','2021-12-21 00:20:50'),(6887818848595083264,149293855324246016,0,'608FE3EA50DA4D998D235767FEF759C0','2022-01-14 18:13:02','2022-02-26 07:17:13'),(6887819376221749248,149293855324246016,0,'5F031D23BC014902929AC6992EB98139','2022-01-14 18:15:08','2022-01-14 18:15:08'),(6908624671466323968,149293855324246016,0,'9CFBB60381284F3386CBB3C7D8C9CC63','2022-03-13 04:07:57','2022-03-13 04:07:57');
/*!40000 ALTER TABLE `game_dev` ENABLE KEYS */;
UNLOCK TABLES;

--
-- Table structure for table `game_error`
--

DROP TABLE IF EXISTS `game_error`;
/*!40101 SET @saved_cs_client     = @@character_set_client */;
/*!50503 SET character_set_client = utf8mb4 */;
CREATE TABLE `game_error` (
  `game_slug` varchar(32) NOT NULL,
  `version` int NOT NULL,
  `count` int NOT NULL DEFAULT '0',
  `type` varchar(64) DEFAULT NULL,
  `title` varchar(512) DEFAULT NULL,
  `body` varchar(1000) DEFAULT NULL,
  `tsupdate` datetime NOT NULL,
  `tsinsert` datetime NOT NULL,
  UNIQUE KEY `body_index` (`body`,`version`),
  KEY `primary_index` (`version`,`body`),
  KEY `gameid_version_index` (`version`) /*!80000 INVISIBLE */
) ENGINE=InnoDB DEFAULT CHARSET=utf8;
/*!40101 SET character_set_client = @saved_cs_client */;

--
-- Dumping data for table `game_error`
--

LOCK TABLES `game_error` WRITE;
/*!40000 ALTER TABLE `game_error` DISABLE KEYS */;
/*!40000 ALTER TABLE `game_error` ENABLE KEYS */;
UNLOCK TABLES;

--
-- Table structure for table `game_info`
--

DROP TABLE IF EXISTS `game_info`;
/*!40101 SET @saved_cs_client     = @@character_set_client */;
/*!50503 SET character_set_client = utf8mb4 */;
CREATE TABLE `game_info` (
  `gameid` bigint NOT NULL,
  `game_slug` varchar(32) DEFAULT NULL,
  `name` varchar(64) NOT NULL,
  `version` int DEFAULT NULL,
  `db` tinyint DEFAULT NULL,
  `visible` int NOT NULL DEFAULT '1',
  `latest_version` int DEFAULT NULL,
  `ownerid` bigint NOT NULL,
  `minplayers` int NOT NULL DEFAULT '2',
  `maxplayers` int NOT NULL DEFAULT '2',
  `lbscore` tinyint NOT NULL DEFAULT '0',
  `teams` varchar(255) DEFAULT NULL,
  `shortdesc` varchar(120) DEFAULT NULL,
  `longdesc` varchar(5000) DEFAULT NULL,
  `opensource` tinyint DEFAULT NULL,
  `template` varchar(32) DEFAULT NULL,
  `preview_images` varchar(255) DEFAULT NULL,
  `videourl` varchar(255) DEFAULT NULL,
  `genre` varchar(45) DEFAULT NULL,
  `votes` int NOT NULL DEFAULT '0',
  `status` int NOT NULL,
  `tsupdate` datetime NOT NULL,
  `tsinsert` datetime NOT NULL,
  PRIMARY KEY (`gameid`),
  UNIQUE KEY `name_UNIQUE` (`name`),
  UNIQUE KEY `idversion_UNIQUE` (`gameid`,`version`),
  UNIQUE KEY `game_slug_UNIQUE` (`game_slug`),
  KEY `game_slug_INDEX` (`game_slug`) /*!80000 INVISIBLE */
) ENGINE=InnoDB DEFAULT CHARSET=utf8;
/*!40101 SET character_set_client = @saved_cs_client */;

--
-- Dumping data for table `game_info`
--

LOCK TABLES `game_info` WRITE;
/*!40000 ALTER TABLE `game_info` DISABLE KEYS */;
INSERT INTO `game_info` VALUES (6878850439647854592,'test-4','Anime Trivia',20,NULL,1,20,149293855324246016,2,2,0,NULL,'tealjdslkfjasdf asdf asdfas dfas fasd fasdf asdf','asdfasdfsa',0,NULL,'7CDC7P.png',NULL,NULL,0,3,'2022-02-27 06:57:36','2021-12-21 00:15:47'),(6887818848595083264,'test-game-1','Test Game 1',4,NULL,1,4,149293855324246016,2,2,0,NULL,'asdfasdf','asdf asdf asdf',0,'0','QCH6JB.png',NULL,NULL,0,3,'2022-04-01 05:17:12','2022-01-14 18:13:02'),(6887819376221749248,'test-game-2','Test Game 2',4,NULL,1,4,149293855324246016,2,2,0,NULL,'asdfasdf ','asdfasdfasd',0,'0','KJRWLB.png',NULL,NULL,0,3,'2022-02-26 06:13:20','2022-01-14 18:15:08'),(6908624671466323968,'test-game-3','Test Game 3',7,NULL,1,12,149293855324246016,1,1,1,NULL,'test game 3','asdfasdf',0,'0','7FND8W.png',NULL,NULL,0,3,'2022-08-17 20:26:54','2022-03-13 04:07:57');
/*!40000 ALTER TABLE `game_info` ENABLE KEYS */;
UNLOCK TABLES;

--
-- Table structure for table `game_modes`
--

DROP TABLE IF EXISTS `game_modes`;
/*!40101 SET @saved_cs_client     = @@character_set_client */;
/*!50503 SET character_set_client = utf8mb4 */;
CREATE TABLE `game_modes` (
  `mode_id` int NOT NULL,
  `name` varchar(45) NOT NULL,
  `data` varchar(255) DEFAULT NULL,
  `tsupdate` datetime NOT NULL,
  `tsinsert` datetime NOT NULL,
  PRIMARY KEY (`mode_id`),
  UNIQUE KEY `name_UNIQUE` (`name`)
) ENGINE=InnoDB DEFAULT CHARSET=utf8;
/*!40101 SET character_set_client = @saved_cs_client */;

--
-- Dumping data for table `game_modes`
--

LOCK TABLES `game_modes` WRITE;
/*!40000 ALTER TABLE `game_modes` DISABLE KEYS */;
INSERT INTO `game_modes` VALUES (0,'experimental',NULL,'2021-09-23 02:40:36','2021-09-23 02:40:36'),(1,'rank','{\"threshold\":400, \"delta\":50, \"retryDelay\":100}','2021-09-23 02:40:36','2021-09-23 02:40:36'),(2,'public',NULL,'2021-09-23 02:40:36','2021-09-23 02:40:36'),(3,'private',NULL,'2021-09-23 02:40:36','2021-09-23 02:40:36');
/*!40000 ALTER TABLE `game_modes` ENABLE KEYS */;
UNLOCK TABLES;

--
-- Table structure for table `game_review`
--

DROP TABLE IF EXISTS `game_review`;
/*!40101 SET @saved_cs_client     = @@character_set_client */;
/*!50503 SET character_set_client = utf8mb4 */;
CREATE TABLE `game_review` (
  `game_slug` varchar(32) NOT NULL,
  `shortid` varchar(10) NOT NULL,
  `vote` tinyint DEFAULT NULL,
  `report` int DEFAULT NULL,
  `tsupdate` datetime NOT NULL,
  `tsinsert` datetime NOT NULL,
  PRIMARY KEY (`game_slug`,`shortid`),
  KEY `reporttype_index` (`game_slug`,`shortid`,`report`),
  KEY `game_slug_index` (`game_slug`),
  KEY `game_like_index` (`game_slug`,`vote`)
) ENGINE=InnoDB DEFAULT CHARSET=utf8;
/*!40101 SET character_set_client = @saved_cs_client */;

--
-- Dumping data for table `game_review`
--

LOCK TABLES `game_review` WRITE;
/*!40000 ALTER TABLE `game_review` DISABLE KEYS */;
INSERT INTO `game_review` VALUES ('test-4','8CCkf',1,NULL,'2022-08-21 23:23:13','2022-08-21 23:23:13'),('test-game-1','manC6',1,NULL,'2022-01-17 01:42:45','2022-01-17 01:42:45'),('test-game-2','8CCkf',1,NULL,'2021-12-18 22:29:20','2021-12-18 22:29:19'),('tictactoe','8CCkf',1,1,'2021-12-31 01:24:16','2021-12-17 04:33:08'),('tictactoe','manC6',1,NULL,'2021-12-28 21:36:53','2021-12-20 07:25:08'),('trivia','8CCkf',1,1,'2021-12-18 02:13:06','2021-12-17 06:06:10');
/*!40000 ALTER TABLE `game_review` ENABLE KEYS */;
UNLOCK TABLES;

--
-- Table structure for table `game_room`
--

DROP TABLE IF EXISTS `game_room`;
/*!40101 SET @saved_cs_client     = @@character_set_client */;
/*!50503 SET character_set_client = utf8mb4 */;
CREATE TABLE `game_room` (
  `room_slug` varchar(32) CHARACTER SET utf8 NOT NULL,
  `game_slug` varchar(32) CHARACTER SET utf8 NOT NULL,
  `gameid` bigint NOT NULL,
  `version` int NOT NULL,
  `db` tinyint DEFAULT NULL,
  `latest_tsupdate` datetime DEFAULT NULL,
  `minplayers` int NOT NULL DEFAULT '2',
  `maxplayers` int NOT NULL DEFAULT '2',
  `teams` varchar(255) DEFAULT NULL,
  `mode` int DEFAULT '0',
  `rating` int DEFAULT '0',
  `lbscore` tinyint DEFAULT '0',
  `owner` varchar(32) DEFAULT NULL,
  `isfull` tinyint NOT NULL DEFAULT '0',
  `isprivate` tinyint NOT NULL DEFAULT '0',
  `private_key` varchar(16) CHARACTER SET utf8 DEFAULT NULL,
  `tsupdate` datetime NOT NULL,
  `tsinsert` datetime NOT NULL,
  `preview_images` varchar(255) DEFAULT NULL,
  PRIMARY KEY (`room_slug`),
  KEY `room_slug_index` (`room_slug`) /*!80000 INVISIBLE */,
  KEY `game_slug_index` (`game_slug`),
  KEY `gameid_index` (`gameid`)
) ENGINE=InnoDB DEFAULT CHARSET=utf32;
/*!40101 SET character_set_client = @saved_cs_client */;

--
-- Dumping data for table `game_room`
--

LOCK TABLES `game_room` WRITE;
/*!40000 ALTER TABLE `game_room` DISABLE KEYS */;
INSERT INTO `game_room` VALUES ('78QQLB','test-game-3',6908624671466323968,6,0,'2022-04-09 18:45:12',1,1,NULL,1,0,1,'8CCkf',0,0,NULL,'2022-08-17 16:51:55','2022-08-17 16:51:55',NULL),('7PPDLC','test-game-3',6908624671466323968,6,0,'2022-04-09 18:45:12',1,1,NULL,1,0,1,'8CCkf',0,0,NULL,'2022-08-17 16:49:16','2022-08-17 16:49:16',NULL),('8MBT9T','test-game-3',6908624671466323968,6,0,'2022-04-09 18:45:12',1,1,NULL,1,0,1,'8CCkf',0,0,NULL,'2022-08-17 16:50:51','2022-08-17 16:50:51',NULL),('8W8JMW','test-game-3',6908624671466323968,6,0,'2022-04-09 18:45:12',1,1,NULL,1,0,1,'8CCkf',0,0,NULL,'2022-08-17 16:50:45','2022-08-17 16:50:45',NULL),('BRDN8L','test-game-3',6908624671466323968,6,0,'2022-04-09 18:45:12',1,1,NULL,1,0,1,'8CCkf',0,0,NULL,'2022-08-17 16:49:18','2022-08-17 16:49:18',NULL),('BTM6GT','test-game-3',6908624671466323968,7,0,'2022-08-17 20:26:54',1,1,NULL,1,0,1,'SPECTATOR',0,0,NULL,'2022-08-20 01:57:49','2022-08-20 01:57:49',NULL),('D8CJTP','test-game-3',6908624671466323968,6,0,'2022-04-09 18:45:12',1,1,NULL,1,0,1,'8CCkf',0,0,NULL,'2022-08-17 16:51:18','2022-08-17 16:51:18',NULL),('G88NTF','test-game-3',6908624671466323968,6,0,'2022-04-09 18:45:12',1,1,NULL,1,0,1,'8CCkf',0,0,NULL,'2022-08-17 16:51:32','2022-08-17 16:51:32',NULL),('HH7LW7','test-game-3',6908624671466323968,7,0,'2022-08-17 20:26:54',1,1,NULL,1,0,1,'ODOfx',0,0,NULL,'2022-08-22 13:51:37','2022-08-22 13:51:37',NULL),('J8CC97','test-game-3',6908624671466323968,6,0,'2022-04-09 18:45:12',1,1,NULL,1,0,1,'8CCkf',0,0,NULL,'2022-08-17 16:50:45','2022-08-17 16:50:45',NULL),('LTBM9Q','test-game-3',6908624671466323968,6,0,'2022-04-09 18:45:12',1,1,NULL,1,0,1,'8CCkf',0,0,NULL,'2022-08-17 16:51:12','2022-08-17 16:51:12',NULL),('MH6F9F','test-game-3',6908624671466323968,6,0,'2022-04-09 18:45:12',1,1,NULL,1,0,1,'8CCkf',0,0,NULL,'2022-08-17 16:50:51','2022-08-17 16:50:51',NULL),('NM78QQ','test-game-3',6908624671466323968,6,0,'2022-04-09 18:45:12',1,1,NULL,1,0,1,'8CCkf',0,0,NULL,'2022-08-17 16:51:58','2022-08-17 16:51:58',NULL),('PNKNCC','test-game-3',6908624671466323968,6,0,'2022-08-17 17:05:29',1,1,NULL,1,0,1,'8CCkf',0,0,NULL,'2022-08-17 18:59:39','2022-08-17 18:59:39',NULL);
/*!40000 ALTER TABLE `game_room` ENABLE KEYS */;
UNLOCK TABLES;

--
-- Table structure for table `game_status`
--

DROP TABLE IF EXISTS `game_status`;
/*!40101 SET @saved_cs_client     = @@character_set_client */;
/*!50503 SET character_set_client = utf8mb4 */;
CREATE TABLE `game_status` (
  `id` int NOT NULL,
  `name` varchar(45) DEFAULT NULL,
  PRIMARY KEY (`id`)
) ENGINE=InnoDB DEFAULT CHARSET=utf8;
/*!40101 SET character_set_client = @saved_cs_client */;

--
-- Dumping data for table `game_status`
--

LOCK TABLES `game_status` WRITE;
/*!40000 ALTER TABLE `game_status` DISABLE KEYS */;
INSERT INTO `game_status` VALUES (1,'Draft'),(2,'Test'),(3,'Production'),(4,'Archive'),(5,'Suspended'),(6,'Private');
/*!40000 ALTER TABLE `game_status` ENABLE KEYS */;
UNLOCK TABLES;

--
-- Table structure for table `game_version`
--

DROP TABLE IF EXISTS `game_version`;
/*!40101 SET @saved_cs_client     = @@character_set_client */;
/*!50503 SET character_set_client = utf8mb4 */;
CREATE TABLE `game_version` (
  `gameid` bigint NOT NULL,
  `version` int DEFAULT NULL,
  `db` tinyint DEFAULT '0',
  `scaled` tinyint NOT NULL DEFAULT '0',
  `screentype` int NOT NULL DEFAULT '3',
  `resow` int NOT NULL DEFAULT '4',
  `resoh` int NOT NULL DEFAULT '4',
  `screenwidth` int NOT NULL DEFAULT '1920',
  `status` int NOT NULL,
  `tsupdate` datetime NOT NULL,
  `tsinsert` datetime NOT NULL,
  UNIQUE KEY `gameid_version_unique` (`gameid`,`version`),
  KEY `gameid_version_index` (`gameid`,`version`)
) ENGINE=InnoDB DEFAULT CHARSET=utf8;
/*!40101 SET character_set_client = @saved_cs_client */;

--
-- Dumping data for table `game_version`
--

LOCK TABLES `game_version` WRITE;
/*!40000 ALTER TABLE `game_version` DISABLE KEYS */;
INSERT INTO `game_version` VALUES (6796538598029000704,34,0,0,3,4,4,1920,2,'2021-08-14 21:35:27','2021-05-24 01:02:30'),(6796538598029000704,3,0,0,3,4,4,1920,2,'2021-08-14 21:35:27','2021-05-24 01:02:30'),(6796538598029000704,35,0,0,3,4,4,1920,2,'2021-08-14 21:35:27','2021-05-25 01:04:01'),(6812169007416737792,1,1,0,3,4,4,1920,2,'2021-08-14 21:34:11','2021-06-20 00:16:00'),(6796538598029000704,36,0,0,3,4,4,1920,2,'2021-08-15 04:00:44','2021-08-07 19:20:51'),(6812169007416737792,2,1,0,3,4,4,1920,2,'2021-11-16 04:44:12','2021-08-07 19:32:42'),(6796538598029000704,37,0,0,3,4,4,1920,2,'2021-12-20 04:24:48','2021-09-20 01:23:50'),(6796538598029000704,38,0,0,3,4,4,1920,2,'2021-12-20 04:51:26','2021-12-20 04:51:26'),(6796538598029000704,39,0,0,3,4,4,1920,2,'2021-12-20 04:52:29','2021-12-20 04:52:29'),(6796538598029000704,40,0,0,3,4,4,1920,2,'2021-12-20 06:23:20','2021-12-20 06:23:20'),(6796538598029000704,41,0,0,3,4,4,1920,2,'2021-12-20 06:25:07','2021-12-20 06:25:07'),(6796538598029000704,42,0,0,3,4,4,1920,2,'2021-12-20 06:28:22','2021-12-20 06:28:22'),(6796538598029000704,43,0,0,3,4,4,1920,2,'2021-12-20 06:29:00','2021-12-20 06:29:00'),(6796538598029000704,44,0,0,3,4,4,1920,2,'2021-12-20 06:34:30','2021-12-20 06:34:30'),(6796538598029000704,45,0,0,3,4,4,1920,2,'2021-12-20 06:37:40','2021-12-20 06:37:40'),(6796538598029000704,46,0,0,3,4,4,1920,2,'2021-12-20 06:38:45','2021-12-20 06:38:45'),(6796538598029000704,47,0,0,3,4,4,1920,2,'2021-12-20 06:41:05','2021-12-20 06:41:05'),(6796538598029000704,48,0,0,3,4,4,1920,2,'2021-12-20 06:42:15','2021-12-20 06:42:15'),(6796538598029000704,49,0,0,3,4,4,1920,2,'2021-12-20 06:51:56','2021-12-20 06:51:56'),(6796538598029000704,50,0,1,3,4,4,1920,2,'2021-12-20 06:55:20','2021-12-20 06:55:20'),(6796538598029000704,51,0,1,3,4,4,1920,2,'2021-12-20 07:05:13','2021-12-20 07:05:13'),(6796538598029000704,52,0,1,3,4,4,1920,2,'2021-12-20 07:20:34','2021-12-20 07:20:34'),(6796538598029000704,53,0,1,3,4,4,1920,2,'2021-12-20 07:23:07','2021-12-20 07:23:07'),(6878850439647854592,1,0,1,3,4,4,1920,2,'2021-12-21 01:37:34','2021-12-21 01:37:34'),(6796538598029000704,54,0,1,3,4,4,1920,2,'2021-12-21 06:36:49','2021-12-21 06:36:49'),(6796538598029000704,55,0,1,3,4,4,1920,2,'2021-12-21 07:30:08','2021-12-21 07:30:08'),(6796538598029000704,56,0,1,3,4,4,1920,2,'2021-12-21 07:44:08','2021-12-21 07:44:08'),(6796538598029000704,57,0,1,3,4,4,1920,2,'2021-12-21 07:55:42','2021-12-21 07:55:42'),(6796538598029000704,58,0,1,3,4,4,1920,2,'2021-12-21 07:56:46','2021-12-21 07:56:46'),(6796538598029000704,59,0,1,3,4,4,1920,2,'2021-12-21 08:05:29','2021-12-21 08:05:29'),(6796538598029000704,60,0,1,3,4,4,1920,2,'2021-12-21 08:10:11','2021-12-21 08:10:11'),(6796538598029000704,61,0,1,3,4,4,1920,2,'2021-12-21 08:13:56','2021-12-21 08:13:56'),(6796538598029000704,62,0,1,3,4,4,1920,2,'2021-12-21 08:15:31','2021-12-21 08:15:31'),(6796538598029000704,63,0,1,3,4,4,1920,2,'2021-12-21 17:36:38','2021-12-21 17:36:38'),(6796538598029000704,64,0,1,3,4,4,1920,2,'2021-12-25 22:19:46','2021-12-25 22:19:46'),(6796538598029000704,65,0,1,3,4,4,1920,2,'2021-12-25 22:33:14','2021-12-25 22:33:14'),(6796538598029000704,66,0,1,3,4,4,1920,2,'2021-12-26 03:08:06','2021-12-26 03:08:06'),(6796538598029000704,67,0,1,3,4,4,1920,2,'2021-12-26 06:14:50','2021-12-26 06:14:50'),(6796538598029000704,68,0,1,3,4,4,1920,2,'2021-12-26 21:01:30','2021-12-26 21:01:30'),(6796538598029000704,69,0,1,3,4,4,1920,2,'2021-12-26 21:03:50','2021-12-26 21:03:50'),(6796538598029000704,70,0,1,3,4,4,1920,2,'2021-12-26 21:51:07','2021-12-26 21:51:07'),(6796538598029000704,71,0,1,3,4,4,1920,2,'2021-12-27 07:48:16','2021-12-27 07:48:16'),(6796538598029000704,72,0,1,3,4,4,1920,2,'2021-12-28 03:52:17','2021-12-28 03:52:17'),(6796538598029000704,73,0,1,3,4,4,1920,2,'2021-12-28 07:45:55','2021-12-28 07:45:55'),(6796538598029000704,74,0,1,3,4,4,1920,2,'2021-12-28 19:21:42','2021-12-28 19:21:42'),(6796538598029000704,75,0,1,3,4,4,1920,2,'2021-12-29 04:55:59','2021-12-29 04:55:59'),(6796538598029000704,76,0,1,3,4,4,1920,2,'2021-12-29 06:31:52','2021-12-29 06:31:52'),(6796538598029000704,77,0,1,3,4,4,1920,2,'2021-12-29 07:32:34','2021-12-29 07:32:34'),(6796538598029000704,78,0,1,3,4,4,1920,2,'2021-12-29 07:36:26','2021-12-29 07:36:26'),(6796538598029000704,79,0,1,3,4,4,1920,2,'2021-12-29 07:39:09','2021-12-29 07:39:09'),(6796538598029000704,80,0,1,3,4,4,1920,2,'2021-12-29 07:41:40','2021-12-29 07:41:40'),(6796538598029000704,81,0,1,3,4,4,1200,2,'2021-12-30 03:02:41','2021-12-30 03:02:41'),(6796538598029000704,82,0,1,3,4,4,1920,2,'2021-12-30 20:32:13','2021-12-30 20:32:13'),(6796538598029000704,83,0,1,3,4,4,1920,2,'2021-12-30 21:31:15','2021-12-30 21:31:15'),(6796538598029000704,84,0,1,3,4,4,1920,2,'2021-12-30 22:18:18','2021-12-30 22:18:18'),(6796538598029000704,4,0,0,3,4,4,1200,2,'2022-01-04 20:49:42','2022-01-04 20:49:42'),(6796538598029000704,5,0,0,3,4,4,1200,2,'2022-01-04 20:53:10','2022-01-04 20:53:10'),(6812169007416737792,3,1,0,1,4,4,1200,2,'2022-01-10 02:15:33','2022-01-10 02:15:33'),(6812169007416737792,4,1,0,1,4,4,1200,2,'2022-01-10 02:42:21','2022-01-10 02:42:21'),(6878850439647854592,2,0,0,3,4,4,1920,2,'2022-01-10 22:19:23','2022-01-10 22:19:23'),(6812169007416737792,5,0,0,1,4,4,1200,2,'2022-01-11 00:50:12','2022-01-11 00:50:12'),(6812169007416737792,6,1,0,1,4,4,1200,2,'2022-01-11 00:51:59','2022-01-11 00:51:59'),(6878850439647854592,3,0,0,3,4,4,1920,2,'2022-01-11 01:06:52','2022-01-11 01:06:52'),(6878850439647854592,4,0,0,3,4,4,1920,2,'2022-01-11 01:07:30','2022-01-11 01:07:30'),(6878850439647854592,5,0,0,3,4,4,1920,2,'2022-01-11 01:08:49','2022-01-11 01:08:49'),(6878850439647854592,6,0,0,3,4,4,1920,2,'2022-01-11 01:10:55','2022-01-11 01:10:55'),(6878850439647854592,7,0,0,3,4,4,1920,2,'2022-01-11 01:11:36','2022-01-11 01:11:36'),(6878850439647854592,8,0,0,3,4,4,1920,2,'2022-01-11 01:13:31','2022-01-11 01:13:31'),(6878850439647854592,9,0,0,3,4,4,1920,2,'2022-01-11 01:14:28','2022-01-11 01:14:28'),(6878850439647854592,10,0,0,3,4,4,1920,2,'2022-01-11 01:15:54','2022-01-11 01:15:54'),(6878850439647854592,11,0,0,3,4,4,1920,2,'2022-01-11 01:20:13','2022-01-11 01:20:13'),(6878850439647854592,12,0,0,3,4,4,1920,2,'2022-01-11 01:22:08','2022-01-11 01:22:08'),(6878850439647854592,13,0,0,3,4,4,600,2,'2022-01-11 01:23:56','2022-01-11 01:23:56'),(6878850439647854592,14,0,0,3,4,4,600,2,'2022-01-11 01:27:17','2022-01-11 01:27:17'),(6878850439647854592,15,1,0,3,4,4,600,2,'2022-01-13 03:40:34','2022-01-13 03:40:34'),(6887818848595083264,1,0,0,3,4,4,600,2,'2022-01-14 18:14:17','2022-01-14 18:14:17'),(6887819376221749248,1,0,0,3,4,4,600,2,'2022-01-14 18:16:06','2022-01-14 18:16:06'),(6887818848595083264,2,0,0,3,4,4,600,2,'2022-01-16 18:14:57','2022-01-16 18:14:57'),(6887819376221749248,2,0,0,3,4,4,600,2,'2022-01-16 18:16:18','2022-01-16 18:16:18'),(6878850439647854592,16,1,0,3,4,4,600,2,'2022-01-16 18:16:43','2022-01-16 18:16:43'),(6878850439647854592,17,1,0,3,4,4,600,2,'2022-01-16 23:22:39','2022-01-16 23:22:39'),(6887818848595083264,3,0,0,3,4,4,600,2,'2022-01-16 23:23:30','2022-01-16 23:23:30'),(6887819376221749248,3,0,0,3,4,4,600,2,'2022-01-16 23:23:56','2022-01-16 23:23:56'),(6887819376221749248,4,0,0,3,4,4,600,2,'2022-01-16 23:26:17','2022-01-16 23:26:17'),(6887818848595083264,4,0,0,3,4,4,600,2,'2022-01-16 23:26:48','2022-01-16 23:26:48'),(6878850439647854592,18,1,0,3,4,4,600,2,'2022-01-16 23:27:05','2022-01-16 23:27:05'),(6878850439647854592,19,1,0,3,4,4,600,2,'2022-02-27 06:55:48','2022-02-27 06:55:48'),(6878850439647854592,20,1,0,3,4,4,600,2,'2022-02-27 06:57:33','2022-02-27 06:57:33'),(6908624671466323968,1,0,0,1,4,4,1200,2,'2022-03-25 16:48:54','2022-03-25 16:48:54'),(6908624671466323968,2,0,0,1,4,4,1200,2,'2022-03-25 18:52:24','2022-03-25 18:52:24'),(6908624671466323968,3,0,0,1,4,4,1200,2,'2022-03-26 00:52:18','2022-03-26 00:52:18'),(6908624671466323968,4,0,0,3,4,3,600,2,'2022-03-26 02:29:42','2022-03-26 02:29:42'),(6908624671466323968,5,0,0,3,4,3,600,2,'2022-04-09 17:42:43','2022-04-09 17:42:43'),(6908624671466323968,6,0,0,3,4,3,600,2,'2022-04-09 17:44:25','2022-04-09 17:44:25'),(6908624671466323968,7,0,0,3,4,3,600,2,'2022-04-09 17:47:25','2022-04-09 17:47:25'),(6908624671466323968,8,0,0,3,4,3,600,2,'2022-04-09 18:17:12','2022-04-09 18:17:12'),(6908624671466323968,9,0,0,3,4,3,600,2,'2022-04-09 18:19:09','2022-04-09 18:19:09'),(6908624671466323968,10,0,0,3,4,3,600,2,'2022-04-09 18:20:22','2022-04-09 18:20:22'),(6908624671466323968,11,0,0,3,4,3,600,2,'2022-04-09 18:44:20','2022-04-09 18:44:20'),(6908624671466323968,12,0,0,1,4,3,600,2,'2022-04-09 18:45:12','2022-04-09 18:45:12');
/*!40000 ALTER TABLE `game_version` ENABLE KEYS */;
UNLOCK TABLES;

--
-- Table structure for table `person`
--

DROP TABLE IF EXISTS `person`;
/*!40101 SET @saved_cs_client     = @@character_set_client */;
/*!50503 SET character_set_client = utf8mb4 */;
CREATE TABLE `person` (
  `id` bigint NOT NULL,
  `shortid` varchar(10) DEFAULT NULL,
  `displayname` varchar(32) DEFAULT NULL,
  `email` varchar(255) DEFAULT NULL,
  `apikey` varchar(64) NOT NULL,
  `prevapikey` varchar(45) DEFAULT NULL,
  `isdev` tinyint unsigned NOT NULL DEFAULT '0',
  `github` varchar(255) DEFAULT NULL,
  `github_id` int DEFAULT NULL,
  `github_teamid` int DEFAULT NULL,
  `tsinsert` datetime NOT NULL,
  `tsupdate` datetime DEFAULT NULL,
  `tsapikey` datetime NOT NULL,
  `logintoken` varchar(64) DEFAULT NULL,
  `password` varchar(64) DEFAULT NULL,
  `webpush` varchar(1000) DEFAULT NULL,
  PRIMARY KEY (`id`),
  UNIQUE KEY `apikey_UNIQUE` (`apikey`),
  UNIQUE KEY `displayname_UNIQUE` (`displayname`),
  UNIQUE KEY `email_UNIQUE` (`email`),
  UNIQUE KEY `github_id_UNIQUE` (`github_id`),
  UNIQUE KEY `github_teamid_UNIQUE` (`github_teamid`),
  UNIQUE KEY `shortid_UNIQUE` (`shortid`)
) ENGINE=InnoDB DEFAULT CHARSET=utf8;
/*!40101 SET character_set_client = @saved_cs_client */;

--
-- Dumping data for table `person`
--

LOCK TABLES `person` WRITE;
/*!40000 ALTER TABLE `person` DISABLE KEYS */;
INSERT INTO `person` VALUES (149293855324246016,'8CCkf','joe','joelruiz2@gmail.com','C96899B1BEC943DFB972B919132B3D52',NULL,1,'joetex',1610876,NULL,'2021-02-03 23:20:28','2022-03-26 02:42:36','2021-02-03 23:20:28',NULL,NULL,'{\"endpoint\":\"https://fcm.googleapis.com/fcm/send/eYNP8R4Ll7w:APA91bFgbQE3-RLUgYqFtSCuU3snzuHMtP-aHlQvAQPEnKJx1bfxoVUAvU-9_zQD2wqRusS4_1XLh_GsFghykTflacx41Ig9U806BXyz7l0INqK1fq1mkcQoGOGEdCLyTM54Q1_OT9XX\",\"expirationTime\":null,\"keys\":{\"p256dh\":\"BHgaswd83zuSx_271Y4sKlPqi4XzsAatRHcN-GukVMwtaL5dZktT1jr2SyYJCEIY31XzPxoVn2Mp5F3hIHRQrPw\",\"auth\":\"Tb3naghO0BERJcLLjRmeNQ\"}}'),(6771111937385168896,'manC6','5SG','five.second.games@gmail.com','D82EFEF03854428EB0A9B99A9BD3DBDE',NULL,0,'5SG',79618222,NULL,'2021-02-26 17:01:27','2022-01-02 06:09:14','2021-02-26 17:01:27',NULL,NULL,NULL),(6779261168264413184,'Oi7qt','SERVER','server@fivesecondgames.com','A8043B576A9D42A286666065866F0F72',NULL,0,NULL,NULL,NULL,'2021-03-04 04:24:32','2021-03-04 04:24:43','2021-03-04 04:24:32',NULL,NULL,NULL),(6876230425522470912,'odqL8','JoeYahoo','joel196@yahoo.com','3845C54C1AAE49A4908A786EA1EA9B01',NULL,1,'JoTexas',80021840,NULL,'2021-12-13 18:44:47','2022-01-03 08:06:57','2021-12-13 18:44:47',NULL,NULL,NULL),(6888014652173713408,'qswZD','Jjjj',NULL,'CF5D50B7C5A944B6BD544C097802E91C',NULL,0,NULL,NULL,NULL,'2022-01-15 07:11:06','2022-01-15 07:11:06','2022-01-15 07:11:06',NULL,NULL,NULL),(6888235585438220288,'RoJzN','John','10158402857617920','E7E840AB2E3D49FFAC645645A5BD5C11',NULL,0,NULL,NULL,NULL,'2022-01-15 21:49:00','2022-01-16 03:11:34','2022-01-15 21:49:00',NULL,NULL,NULL),(6888240182823223296,'ODOfx','TestName5','admin@acos.games','13C8BB4877DC4A81BD7CAD57926EB0E4',NULL,0,'acosg',96845776,NULL,'2022-01-15 22:07:16','2022-01-15 22:07:44','2022-01-15 22:07:16',NULL,NULL,NULL),(6890014959200108544,'3Gwd6','TestName4',NULL,'CE9A5A4E57FA4F58AE5FEDF37C9ED7D2',NULL,0,NULL,NULL,NULL,'2022-01-20 19:39:36','2022-01-20 19:39:36','2022-01-20 19:39:36',NULL,NULL,NULL),(6895966950774538240,'aMnCM','asdfadsf',NULL,'DBBF032FD46F49EDAD44BFB9CADA1931',NULL,0,NULL,NULL,NULL,'2022-02-06 05:50:41','2022-02-06 05:50:41','2022-02-06 05:50:41',NULL,NULL,NULL),(6901719862297493504,'3Asg2','fffff',NULL,'5CC50ED8761F450DB349CBCB460C5CF7',NULL,0,NULL,NULL,NULL,'2022-02-22 02:50:42','2022-02-22 02:50:42','2022-02-22 02:50:42',NULL,NULL,NULL),(6901720580207149056,'flSPI','dffdff',NULL,'7ED8BAA52FC5465BA220F09385C02DB2',NULL,0,NULL,NULL,NULL,'2022-02-22 02:53:34','2022-02-22 02:53:34','2022-02-22 02:53:34',NULL,NULL,NULL),(6945200150214082560,'ZyuWi','asdf',NULL,'ABE5400B4726497984287E017A5EAB86',NULL,0,NULL,NULL,NULL,'2022-06-22 02:25:51','2022-06-22 02:25:51','2022-06-22 02:25:51',NULL,NULL,NULL),(6966612288308510720,'2Df6E','Test4','hya_oej@hotmail.com','595FCA4573B0407CA377ECC16CD2201C',NULL,0,NULL,NULL,NULL,'2022-08-20 04:30:02','2022-08-20 04:31:32','2022-08-20 04:30:02',NULL,NULL,NULL),(6966974398091755520,'wagFP','Test7',NULL,'7812DCB9176C4487B53A04858DB31E04',NULL,0,NULL,NULL,NULL,'2022-08-21 04:28:56','2022-08-21 04:28:56','2022-08-21 04:28:56',NULL,NULL,NULL);
/*!40000 ALTER TABLE `person` ENABLE KEYS */;
UNLOCK TABLES;

--
-- Table structure for table `person_rank`
--

DROP TABLE IF EXISTS `person_rank`;
/*!40101 SET @saved_cs_client     = @@character_set_client */;
/*!50503 SET character_set_client = utf8mb4 */;
CREATE TABLE `person_rank` (
  `shortid` varchar(32) NOT NULL,
  `game_slug` varchar(32) NOT NULL,
  `season` int NOT NULL DEFAULT '0',
  `rating` int NOT NULL DEFAULT '2500',
  `mu` double NOT NULL DEFAULT '25',
  `sigma` double NOT NULL DEFAULT '5',
  `win` int NOT NULL DEFAULT '0',
  `loss` int NOT NULL DEFAULT '0',
  `tie` int NOT NULL DEFAULT '0',
  `played` int NOT NULL DEFAULT '1',
  `highscore` int NOT NULL DEFAULT '0',
  `tsupdate` datetime NOT NULL,
  `tsinsert` datetime NOT NULL,
  PRIMARY KEY (`shortid`,`game_slug`,`season`),
  KEY `game_slug_index` (`game_slug`),
  KEY `shortid_index` (`shortid`),
  KEY `sorted_index` (`rating` DESC),
  KEY `gameuserseason_index` (`shortid`,`game_slug`,`season`)
) ENGINE=InnoDB DEFAULT CHARSET=utf8;
/*!40101 SET character_set_client = @saved_cs_client */;

--
-- Dumping data for table `person_rank`
--

LOCK TABLES `person_rank` WRITE;
/*!40000 ALTER TABLE `person_rank` DISABLE KEYS */;
INSERT INTO `person_rank` VALUES ('1Se6L','test-game-1',0,2500,25,5,0,0,0,0,0,'2022-01-14 22:53:38','2022-01-14 22:53:38'),('2Df6E','test-4',0,2500,25,5,0,0,0,0,0,'2022-08-20 04:32:32','2022-08-20 04:32:32'),('2Df6E','test-game-3',0,2500,25,5,0,0,0,1,3,'2022-08-20 04:31:01','2022-08-20 04:31:01'),('3Gwd6','test-game-1',0,2500,25,5,0,0,0,0,0,'2022-01-20 19:39:38','2022-01-20 19:39:38'),('3KyXd','test-game-1',0,2500,25,5,0,0,0,0,0,'2022-01-14 22:46:30','2022-01-14 22:46:30'),('4bq2r','test-game-1',0,2500,25,5,0,0,0,0,0,'2022-01-14 22:35:44','2022-01-14 22:35:44'),('8CCkf','test-4',0,2546,25.458289308273685,3.2809612414391554,13,16,1,4,0,'2022-03-12 02:23:19','2022-01-10 22:31:11'),('8CCkf','test-game-1',0,2372,23.718753021813423,2.383585238224514,35,39,0,4,0,'2022-04-01 05:22:47','2022-01-14 19:59:11'),('8CCkf','test-game-2',0,1066,10.662011780167468,1.4970544453306465,3,1,0,4,0,'2022-03-12 02:23:54','2021-12-18 03:16:24'),('8CCkf','test-game-3',0,2500,25,5,0,0,2,365,8,'2022-08-24 22:13:56','2022-03-25 16:50:01'),('8CCkf','tictactoe',0,2923,29.23205772836644,1.0080436750149568,150,167,4,47,0,'2022-01-12 23:41:03','2021-11-23 05:21:27'),('8CCkf','trivia',0,3165,31.654893117824745,1.499609826419464,0,1,0,1,0,'2022-01-11 00:51:02','2021-12-18 03:00:41'),('aMnCM','test-game-1',0,2646,26.461225265190524,4.860013687505592,1,0,0,1,0,'2022-02-06 05:50:57','2022-02-06 05:50:46'),('c1vCa','test-game-3',0,2500,25,5,0,0,0,1,3,'2022-08-20 03:36:10','2022-08-20 03:36:10'),('cZHqf','test-game-1',0,2500,25,5,0,0,0,0,0,'2022-01-15 03:04:56','2022-01-15 03:04:56'),('g41sA','test-game-1',0,2500,25,5,0,0,0,0,0,'2022-01-14 22:34:42','2022-01-14 22:34:42'),('HvMhH','test-game-1',0,2500,25,5,0,0,0,0,0,'2022-01-14 22:31:45','2022-01-14 22:31:45'),('M9DFW','test-game-1',0,2500,25,5,0,0,0,0,0,'2022-01-14 22:35:25','2022-01-14 22:35:25'),('manC6','test-4',0,2454,24.541710691726323,3.2809612414391554,16,13,1,30,0,'2022-03-12 02:23:19','2022-01-10 22:31:01'),('manC6','test-game-1',0,2488,24.877147153852587,2.2520300267711133,46,46,0,92,100,'2022-04-01 05:22:47','2022-01-14 19:59:35'),('manC6','test-game-2',0,2041,20.40755004998364,4.728934053528145,1,2,0,3,0,'2022-03-12 02:23:54','2022-01-16 18:17:34'),('manC6','test-game-3',0,2500,25,5,0,0,0,0,0,'2022-03-25 23:14:52','2022-03-25 23:14:52'),('manC6','tictactoe',0,3060,30.604581325472406,1.0082242345250534,166,148,4,47,0,'2022-01-12 23:41:03','2021-11-23 05:21:27'),('manC6','trivia',0,1235,12.345106882175255,1.499609826419464,1,0,0,1,0,'2022-01-11 00:51:02','2021-12-18 03:00:41'),('mUVvk','test-game-1',0,2500,25,5,0,0,0,0,0,'2022-01-15 02:49:15','2022-01-15 02:49:15'),('NSPHs','test-4',0,2500,25,5,0,0,0,0,0,'2022-01-15 03:05:59','2022-01-15 03:05:59'),('NSPHs','test-game-1',0,2921,29.21210374019649,4.641948618840609,4,0,0,4,0,'2022-01-15 08:31:12','2022-01-15 03:05:09'),('ODOfx','test-game-1',0,2500,25,5,0,0,0,0,0,'2022-01-15 22:07:19','2022-01-15 22:07:19'),('ODOfx','test-game-3',0,2500,25,5,0,0,0,1,3,'2022-08-22 13:52:40','2022-08-22 13:52:40'),('Ok4cb','test-game-1',0,2500,25,5,0,0,0,0,0,'2022-01-15 00:45:17','2022-01-15 00:45:17'),('qswZD','test-game-1',0,2079,20.787896259803507,4.641948618840609,0,4,0,4,0,'2022-01-15 08:31:12','2022-01-15 07:11:06'),('RoJzN','test-4',0,2500,25,5,0,0,0,0,0,'2022-01-16 03:19:36','2022-01-16 03:19:36'),('RoJzN','test-game-1',0,2500,25,5,0,0,0,0,0,'2022-01-16 03:13:40','2022-01-16 03:13:40'),('RoJzN','test-game-2',0,2500,25,5,0,0,0,0,0,'2022-01-16 03:19:38','2022-01-16 03:19:38'),('S9uNp','test-4',0,2500,25,5,0,0,0,0,0,'2022-01-15 01:30:12','2022-01-15 01:30:12'),('S9uNp','test-game-1',0,2500,25,5,0,0,0,0,0,'2022-01-15 01:46:27','2022-01-15 01:46:27'),('SeVRn','test-game-1',0,2500,25,5,0,0,0,0,0,'2022-01-14 22:52:30','2022-01-14 22:52:30'),('sRcfT','test-game-3',0,2500,25,5,0,0,0,1,3,'2022-08-20 03:10:39','2022-08-20 03:10:39'),('vGQey','test-game-3',0,2500,25,5,0,0,0,2,3,'2022-03-27 18:21:55','2022-03-27 18:21:21'),('wagFP','test-game-3',0,2500,25,5,0,0,0,1,3,'2022-08-21 05:03:27','2022-08-21 05:03:11'),('YZERY','test-game-1',0,2500,25,5,0,0,0,0,0,'2022-01-15 00:52:38','2022-01-15 00:52:38'),('ZYoIB','test-game-1',0,2500,25,5,0,0,0,0,0,'2022-01-14 22:50:18','2022-01-14 22:50:18'),('ZyuWi','test-game-1',0,2500,25,5,0,0,0,0,0,'2022-06-22 02:25:53','2022-06-22 02:25:53');
/*!40000 ALTER TABLE `person_rank` ENABLE KEYS */;
UNLOCK TABLES;

--
-- Table structure for table `person_room`
--

DROP TABLE IF EXISTS `person_room`;
/*!40101 SET @saved_cs_client     = @@character_set_client */;
/*!50503 SET character_set_client = utf8mb4 */;
CREATE TABLE `person_room` (
  `shortid` varchar(32) NOT NULL,
  `game_slug` varchar(32) DEFAULT NULL,
  `room_slug` varchar(32) NOT NULL,
  `tsupdate` datetime NOT NULL,
  `tsinsert` datetime NOT NULL,
  `mode` varchar(32) DEFAULT NULL,
  `version` int DEFAULT NULL,
  PRIMARY KEY (`shortid`,`room_slug`),
  KEY `shortid_index` (`shortid`),
  KEY `room_slug_index` (`room_slug`) /*!80000 INVISIBLE */,
  KEY `game_slug_index` (`game_slug`) /*!80000 INVISIBLE */,
  KEY `roomgame_slug_index` (`game_slug`,`room_slug`)
) ENGINE=InnoDB DEFAULT CHARSET=utf8;
/*!40101 SET character_set_client = @saved_cs_client */;

--
-- Dumping data for table `person_room`
--

LOCK TABLES `person_room` WRITE;
/*!40000 ALTER TABLE `person_room` DISABLE KEYS */;
INSERT INTO `person_room` VALUES ('ODOfx','test-game-3','HH7LW7','2022-08-22 13:51:37','2022-08-22 13:51:37','rank',7),('SPECTATOR','test-game-3','BTM6GT','2022-08-20 01:57:49','2022-08-20 01:57:49','rank',7);
/*!40000 ALTER TABLE `person_room` ENABLE KEYS */;
UNLOCK TABLES;

--
-- Table structure for table `platform_versions`
--

DROP TABLE IF EXISTS `platform_versions`;
/*!40101 SET @saved_cs_client     = @@character_set_client */;
/*!50503 SET character_set_client = utf8mb4 */;
CREATE TABLE `platform_versions` (
  `type` int NOT NULL,
  `version` int NOT NULL DEFAULT '0',
  `tsupdate` datetime DEFAULT NULL,
  `tsinsert` datetime DEFAULT NULL,
  PRIMARY KEY (`type`)
) ENGINE=InnoDB DEFAULT CHARSET=utf8;
/*!40101 SET character_set_client = @saved_cs_client */;

--
-- Dumping data for table `platform_versions`
--

LOCK TABLES `platform_versions` WRITE;
/*!40000 ALTER TABLE `platform_versions` DISABLE KEYS */;
INSERT INTO `platform_versions` VALUES (1,2,'2022-01-12 17:20:39','2022-01-12 17:20:39');
/*!40000 ALTER TABLE `platform_versions` ENABLE KEYS */;
UNLOCK TABLES;

--
-- Table structure for table `server`
--

DROP TABLE IF EXISTS `server`;
/*!40101 SET @saved_cs_client     = @@character_set_client */;
/*!50503 SET character_set_client = utf8mb4 */;
CREATE TABLE `server` (
  `id` bigint NOT NULL,
  `hostname` varchar(45) NOT NULL,
  `zone` int NOT NULL,
  `instance_type` int NOT NULL,
  `player_count` int DEFAULT '0',
  `game_count` int DEFAULT '0',
  `public_addr` varchar(24) DEFAULT NULL,
  `private_addr` varchar(24) DEFAULT NULL,
  `connect_addr` varchar(45) DEFAULT NULL,
  `tsupdate` datetime DEFAULT NULL,
  `tsinsert` datetime DEFAULT NULL,
  PRIMARY KEY (`id`),
  UNIQUE KEY `public_addr_UNIQUE` (`public_addr`)
) ENGINE=InnoDB DEFAULT CHARSET=utf8;
/*!40101 SET character_set_client = @saved_cs_client */;

--
-- Dumping data for table `server`
--

LOCK TABLES `server` WRITE;
/*!40000 ALTER TABLE `server` DISABLE KEYS */;
INSERT INTO `server` VALUES (1234,'mq-cluster-1',0,5,0,0,'127.0.0.1:5672','127.0.0.1:5672',NULL,'2021-05-09 15:29:50','2021-03-21 04:34:07'),(6779144424308867072,'redis-cluster-1',0,2,0,0,'127.0.0.1:6379','127.0.0.1:6379',NULL,'2021-04-29 22:44:01','2021-03-20 20:59:41'),(6779156509063380992,'wsnode',0,1,0,0,'127.0.0.1:9002',':9002',NULL,'2022-08-24 22:21:22','2021-03-20 21:47:42'),(6779258786507915264,'gameserver',0,3,0,0,'127.0.0.1:9100','192.168.0.9:9100',NULL,'2021-05-15 19:59:29','2021-03-21 04:34:07'),(6799740688205348864,'gameserver-1',0,3,0,0,'127.0.0.1:','192.168.1.117',NULL,'2021-09-19 05:08:33','2021-05-16 17:01:53'),(6883286986841391104,'wsnode',0,1,0,0,'192.168.1.46:9002',':9002',NULL,'2022-01-16 03:25:37','2022-01-02 06:05:02');
/*!40000 ALTER TABLE `server` ENABLE KEYS */;
UNLOCK TABLES;

--
-- Table structure for table `server_type`
--

DROP TABLE IF EXISTS `server_type`;
/*!40101 SET @saved_cs_client     = @@character_set_client */;
/*!50503 SET character_set_client = utf8mb4 */;
CREATE TABLE `server_type` (
  `id` int NOT NULL,
  `type` varchar(45) DEFAULT NULL,
  PRIMARY KEY (`id`)
) ENGINE=InnoDB DEFAULT CHARSET=utf8;
/*!40101 SET character_set_client = @saved_cs_client */;

--
-- Dumping data for table `server_type`
--

LOCK TABLES `server_type` WRITE;
/*!40000 ALTER TABLE `server_type` DISABLE KEYS */;
INSERT INTO `server_type` VALUES (1,'Node'),(2,'Redis'),(3,'Game Server'),(4,'API'),(5,'MQ');
/*!40000 ALTER TABLE `server_type` ENABLE KEYS */;
UNLOCK TABLES;
/*!40103 SET TIME_ZONE=@OLD_TIME_ZONE */;

/*!40101 SET SQL_MODE=@OLD_SQL_MODE */;
/*!40014 SET FOREIGN_KEY_CHECKS=@OLD_FOREIGN_KEY_CHECKS */;
/*!40014 SET UNIQUE_CHECKS=@OLD_UNIQUE_CHECKS */;
/*!40101 SET CHARACTER_SET_CLIENT=@OLD_CHARACTER_SET_CLIENT */;
/*!40101 SET CHARACTER_SET_RESULTS=@OLD_CHARACTER_SET_RESULTS */;
/*!40101 SET COLLATION_CONNECTION=@OLD_COLLATION_CONNECTION */;
/*!40111 SET SQL_NOTES=@OLD_SQL_NOTES */;

-- Dump completed on 2022-08-24 17:59:33
