CREATE DATABASE  IF NOT EXISTS `forkoff` /*!40100 DEFAULT CHARACTER SET utf8 */ /*!80016 DEFAULT ENCRYPTION='N' */;
USE `forkoff`;
-- MySQL dump 10.13  Distrib 8.0.27, for Win64 (x86_64)
--
-- Host: localhost    Database: forkoff
-- ------------------------------------------------------
-- Server version	8.0.23

/*!40101 SET @OLD_CHARACTER_SET_CLIENT=@@CHARACTER_SET_CLIENT */;
/*!40101 SET @OLD_CHARACTER_SET_RESULTS=@@CHARACTER_SET_RESULTS */;
/*!40101 SET @OLD_COLLATION_CONNECTION=@@COLLATION_CONNECTION */;
/*!50503 SET NAMES utf8 */;
/*!40103 SET @OLD_TIME_ZONE=@@TIME_ZONE */;
/*!40103 SET TIME_ZONE='+00:00' */;
/*!40014 SET @OLD_UNIQUE_CHECKS=@@UNIQUE_CHECKS, UNIQUE_CHECKS=0 */;
/*!40014 SET @OLD_FOREIGN_KEY_CHECKS=@@FOREIGN_KEY_CHECKS, FOREIGN_KEY_CHECKS=0 */;
/*!40101 SET @OLD_SQL_MODE=@@SQL_MODE, SQL_MODE='NO_AUTO_VALUE_ON_ZERO' */;
/*!40111 SET @OLD_SQL_NOTES=@@SQL_NOTES, SQL_NOTES=0 */;

--
-- Table structure for table `avatar`
--

DROP TABLE IF EXISTS `avatar`;
/*!40101 SET @saved_cs_client     = @@character_set_client */;
/*!50503 SET character_set_client = utf8mb4 */;
CREATE TABLE `avatar` (
  `id` int NOT NULL,
  `filename` varchar(64) NOT NULL,
  `info` varchar(300) DEFAULT NULL,
  `link` varchar(255) DEFAULT NULL,
  `tsinsert` datetime NOT NULL,
  `tsupdate` datetime NOT NULL,
  PRIMARY KEY (`id`)
) ENGINE=InnoDB DEFAULT CHARSET=utf8;
/*!40101 SET character_set_client = @saved_cs_client */;

--
-- Dumping data for table `avatar`
--

LOCK TABLES `avatar` WRITE;
/*!40000 ALTER TABLE `avatar` DISABLE KEYS */;
/*!40000 ALTER TABLE `avatar` ENABLE KEYS */;
UNLOCK TABLES;

--
-- Table structure for table `game_dev`
--

DROP TABLE IF EXISTS `game_dev`;
/*!40101 SET @saved_cs_client     = @@character_set_client */;
/*!50503 SET character_set_client = utf8mb4 */;
CREATE TABLE `game_dev` (
  `gameid` bigint NOT NULL,
  `ownerid` bigint NOT NULL,
  `role` int NOT NULL DEFAULT '0',
  `apikey` varchar(64) NOT NULL,
  `tsinsert` datetime NOT NULL DEFAULT CURRENT_TIMESTAMP,
  `tsupdate` datetime NOT NULL DEFAULT CURRENT_TIMESTAMP,
  PRIMARY KEY (`gameid`,`ownerid`)
) ENGINE=InnoDB DEFAULT CHARSET=utf8;
/*!40101 SET character_set_client = @saved_cs_client */;

--
-- Dumping data for table `game_dev`
--

LOCK TABLES `game_dev` WRITE;
/*!40000 ALTER TABLE `game_dev` DISABLE KEYS */;
INSERT INTO `game_dev` VALUES (6796538598029000704,149293855324246016,0,'FBC4864251084B188F1A6E63F70C38D3','2021-12-20 17:56:38','2021-12-20 17:56:38'),(6812169007416737792,149293855324246016,0,'05481F209C7F46298267AE36B3179FA3','2021-12-20 17:57:32','2021-12-20 17:57:32'),(6878850439647854592,149293855324246016,0,'5EABE9FC44984574B08576F204E50818','2021-12-21 00:15:47','2021-12-21 00:15:47'),(6878850838484221952,149293855324246016,0,'CC848CB23AB64D4FB98C83D14860AF70','2021-12-21 00:17:22','2021-12-21 00:17:22'),(6878851140797071360,149293855324246016,0,'20D6EC5C066441F089842AAF071CD3D9','2021-12-21 00:18:34','2021-12-21 00:18:34'),(6878851498453762048,149293855324246016,0,'EF1B9E98E0D94FD59DC2B9495058EAFE','2021-12-21 00:20:00','2021-12-21 00:20:00'),(6878851711604097024,149293855324246016,0,'31ABCDB9E1214BB184A6CC57E48FF194','2021-12-21 00:20:50','2021-12-21 00:20:50'),(6887818848595083264,149293855324246016,0,'608FE3EA50DA4D998D235767FEF759C0','2022-01-14 18:13:02','2022-02-26 07:17:13'),(6887819376221749248,149293855324246016,0,'5F031D23BC014902929AC6992EB98139','2022-01-14 18:15:08','2022-01-14 18:15:08'),(6908624671466323968,149293855324246016,0,'9CFBB60381284F3386CBB3C7D8C9CC63','2022-03-13 04:07:57','2022-03-13 04:07:57');
/*!40000 ALTER TABLE `game_dev` ENABLE KEYS */;
UNLOCK TABLES;

--
-- Table structure for table `game_error`
--

DROP TABLE IF EXISTS `game_error`;
/*!40101 SET @saved_cs_client     = @@character_set_client */;
/*!50503 SET character_set_client = utf8mb4 */;
CREATE TABLE `game_error` (
  `game_slug` varchar(32) NOT NULL,
  `version` int NOT NULL,
  `count` int NOT NULL DEFAULT '0',
  `type` varchar(64) DEFAULT NULL,
  `title` varchar(512) DEFAULT NULL,
  `body` varchar(1000) DEFAULT NULL,
  `tsupdate` datetime NOT NULL,
  `tsinsert` datetime NOT NULL,
  UNIQUE KEY `body_index` (`body`,`version`),
  KEY `primary_index` (`version`,`body`),
  KEY `gameid_version_index` (`version`) /*!80000 INVISIBLE */
) ENGINE=InnoDB DEFAULT CHARSET=utf8;
/*!40101 SET character_set_client = @saved_cs_client */;

--
-- Dumping data for table `game_error`
--

LOCK TABLES `game_error` WRITE;
/*!40000 ALTER TABLE `game_error` DISABLE KEYS */;
/*!40000 ALTER TABLE `game_error` ENABLE KEYS */;
UNLOCK TABLES;

--
-- Table structure for table `game_info`
--

DROP TABLE IF EXISTS `game_info`;
/*!40101 SET @saved_cs_client     = @@character_set_client */;
/*!50503 SET character_set_client = utf8mb4 */;
CREATE TABLE `game_info` (
  `gameid` bigint NOT NULL,
  `game_slug` varchar(32) DEFAULT NULL,
  `name` varchar(64) NOT NULL,
  `version` int DEFAULT NULL,
  `db` tinyint DEFAULT NULL,
  `visible` int NOT NULL DEFAULT '1',
  `latest_version` int DEFAULT NULL,
  `ownerid` bigint NOT NULL,
  `minplayers` int NOT NULL DEFAULT '2',
  `maxplayers` int NOT NULL DEFAULT '2',
  `lbscore` tinyint NOT NULL DEFAULT '0',
  `maxteams` int DEFAULT '0',
  `minteams` int DEFAULT '0',
  `shortdesc` varchar(120) DEFAULT NULL,
  `longdesc` varchar(5000) DEFAULT NULL,
  `opensource` tinyint DEFAULT NULL,
  `template` varchar(32) DEFAULT NULL,
  `preview_images` varchar(255) DEFAULT NULL,
  `videourl` varchar(255) DEFAULT NULL,
  `genre` varchar(45) DEFAULT NULL,
  `votes` int NOT NULL DEFAULT '0',
  `status` int NOT NULL,
  `tsupdate` datetime NOT NULL,
  `tsinsert` datetime NOT NULL,
  PRIMARY KEY (`gameid`),
  UNIQUE KEY `name_UNIQUE` (`name`),
  UNIQUE KEY `idversion_UNIQUE` (`gameid`,`version`),
  UNIQUE KEY `game_slug_UNIQUE` (`game_slug`),
  KEY `game_slug_INDEX` (`game_slug`) /*!80000 INVISIBLE */
) ENGINE=InnoDB DEFAULT CHARSET=utf8;
/*!40101 SET character_set_client = @saved_cs_client */;

--
-- Dumping data for table `game_info`
--

LOCK TABLES `game_info` WRITE;
/*!40000 ALTER TABLE `game_info` DISABLE KEYS */;
INSERT INTO `game_info` VALUES (6878850439647854592,'test-4','Anime Trivia',20,NULL,1,20,149293855324246016,16,100,0,10,4,'tealjdslkfjasdf asdf asdfas dfas fasd fasdf asdf','asdfasdfsa',0,NULL,'7CDC7P.png',NULL,NULL,0,3,'2022-02-27 06:57:36','2021-12-21 00:15:47'),(6887818848595083264,'test-game-1','Test Game 1',4,NULL,1,4,149293855324246016,2,2,0,2,2,'asdfasdf','asdf asdf asdf',0,'0','QCH6JB.png',NULL,NULL,0,3,'2022-04-01 05:17:12','2022-01-14 18:13:02'),(6887819376221749248,'test-game-2','Test Game 2',4,NULL,1,4,149293855324246016,2,2,0,NULL,0,'asdfasdf ','asdfasdfasd',0,'0','KJRWLB.png',NULL,NULL,0,3,'2022-02-26 06:13:20','2022-01-14 18:15:08'),(6908624671466323968,'test-game-3','Test Game 3',7,NULL,1,12,149293855324246016,1,1,1,NULL,0,'test game 3','asdfasdf',0,'0','7FND8W.png',NULL,NULL,0,3,'2022-08-17 20:26:54','2022-03-13 04:07:57');
/*!40000 ALTER TABLE `game_info` ENABLE KEYS */;
UNLOCK TABLES;

--
-- Table structure for table `game_modes`
--

DROP TABLE IF EXISTS `game_modes`;
/*!40101 SET @saved_cs_client     = @@character_set_client */;
/*!50503 SET character_set_client = utf8mb4 */;
CREATE TABLE `game_modes` (
  `mode_id` int NOT NULL,
  `name` varchar(45) NOT NULL,
  `data` varchar(255) DEFAULT NULL,
  `tsupdate` datetime NOT NULL,
  `tsinsert` datetime NOT NULL,
  PRIMARY KEY (`mode_id`),
  UNIQUE KEY `name_UNIQUE` (`name`)
) ENGINE=InnoDB DEFAULT CHARSET=utf8;
/*!40101 SET character_set_client = @saved_cs_client */;

--
-- Dumping data for table `game_modes`
--

LOCK TABLES `game_modes` WRITE;
/*!40000 ALTER TABLE `game_modes` DISABLE KEYS */;
INSERT INTO `game_modes` VALUES (0,'experimental',NULL,'2021-09-23 02:40:36','2021-09-23 02:40:36'),(1,'rank','{\"threshold\":400, \"delta\":50, \"retryDelay\":100}','2021-09-23 02:40:36','2021-09-23 02:40:36'),(2,'public',NULL,'2021-09-23 02:40:36','2021-09-23 02:40:36'),(3,'private',NULL,'2021-09-23 02:40:36','2021-09-23 02:40:36');
/*!40000 ALTER TABLE `game_modes` ENABLE KEYS */;
UNLOCK TABLES;

--
-- Table structure for table `game_replay`
--

DROP TABLE IF EXISTS `game_replay`;
/*!40101 SET @saved_cs_client     = @@character_set_client */;
/*!50503 SET character_set_client = utf8mb4 */;
CREATE TABLE `game_replay` (
  `game_slug` varchar(32) NOT NULL,
  `version` int NOT NULL,
  `mode` varchar(32) NOT NULL,
  `filename` varchar(64) NOT NULL,
  `tournamentid` int DEFAULT NULL,
  `tsupdate` datetime NOT NULL,
  `tsinsert` datetime NOT NULL,
  PRIMARY KEY (`game_slug`,`version`,`mode`,`filename`)
) ENGINE=InnoDB DEFAULT CHARSET=utf8;
/*!40101 SET character_set_client = @saved_cs_client */;

--
-- Dumping data for table `game_replay`
--

LOCK TABLES `game_replay` WRITE;
/*!40000 ALTER TABLE `game_replay` DISABLE KEYS */;
INSERT INTO `game_replay` VALUES ('test-game-3',7,'rank','1661645533101.json',NULL,'2022-08-28 00:12:14','2022-08-28 00:12:14'),('test-game-3',7,'rank','1661645606262.json',NULL,'2022-08-28 00:13:27','2022-08-28 00:13:27'),('test-game-3',7,'rank','1661646594335.json',NULL,'2022-08-28 00:29:56','2022-08-28 00:29:56'),('test-game-3',7,'rank','1661657660084.json',NULL,'2022-08-28 03:34:23','2022-08-28 03:34:23'),('test-game-3',7,'rank','1661657662763.json',NULL,'2022-08-28 03:34:25','2022-08-28 03:34:25'),('test-game-3',7,'rank','1661657664715.json',NULL,'2022-08-28 03:34:26','2022-08-28 03:34:26'),('test-game-3',7,'rank','1661657674172.json',NULL,'2022-08-28 03:34:36','2022-08-28 03:34:36');
/*!40000 ALTER TABLE `game_replay` ENABLE KEYS */;
UNLOCK TABLES;

--
-- Table structure for table `game_review`
--

DROP TABLE IF EXISTS `game_review`;
/*!40101 SET @saved_cs_client     = @@character_set_client */;
/*!50503 SET character_set_client = utf8mb4 */;
CREATE TABLE `game_review` (
  `game_slug` varchar(32) NOT NULL,
  `shortid` varchar(10) NOT NULL,
  `vote` tinyint DEFAULT NULL,
  `report` int DEFAULT NULL,
  `tsupdate` datetime NOT NULL,
  `tsinsert` datetime NOT NULL,
  PRIMARY KEY (`game_slug`,`shortid`),
  KEY `reporttype_index` (`game_slug`,`shortid`,`report`),
  KEY `game_slug_index` (`game_slug`),
  KEY `game_like_index` (`game_slug`,`vote`)
) ENGINE=InnoDB DEFAULT CHARSET=utf8;
/*!40101 SET character_set_client = @saved_cs_client */;

--
-- Dumping data for table `game_review`
--

LOCK TABLES `game_review` WRITE;
/*!40000 ALTER TABLE `game_review` DISABLE KEYS */;
INSERT INTO `game_review` VALUES ('test-4','8CCkf',1,NULL,'2022-08-21 23:23:13','2022-08-21 23:23:13'),('test-game-1','manC6',1,NULL,'2022-01-17 01:42:45','2022-01-17 01:42:45'),('test-game-2','8CCkf',1,NULL,'2021-12-18 22:29:20','2021-12-18 22:29:19'),('tictactoe','8CCkf',1,1,'2021-12-31 01:24:16','2021-12-17 04:33:08'),('tictactoe','manC6',1,NULL,'2021-12-28 21:36:53','2021-12-20 07:25:08'),('trivia','8CCkf',1,1,'2021-12-18 02:13:06','2021-12-17 06:06:10');
/*!40000 ALTER TABLE `game_review` ENABLE KEYS */;
UNLOCK TABLES;

--
-- Table structure for table `game_room`
--

DROP TABLE IF EXISTS `game_room`;
/*!40101 SET @saved_cs_client     = @@character_set_client */;
/*!50503 SET character_set_client = utf8mb4 */;
CREATE TABLE `game_room` (
  `room_slug` varchar(32) CHARACTER SET utf8 NOT NULL,
  `game_slug` varchar(32) CHARACTER SET utf8 NOT NULL,
  `gameid` bigint NOT NULL,
  `version` int NOT NULL,
  `db` tinyint DEFAULT NULL,
  `latest_tsupdate` datetime DEFAULT NULL,
  `minplayers` int NOT NULL DEFAULT '2',
  `maxplayers` int NOT NULL DEFAULT '2',
  `teams` varchar(255) DEFAULT NULL,
  `mode` int DEFAULT '0',
  `rating` int DEFAULT '0',
  `lbscore` tinyint DEFAULT '0',
  `owner` varchar(32) DEFAULT NULL,
  `isfull` tinyint NOT NULL DEFAULT '0',
  `isprivate` tinyint NOT NULL DEFAULT '0',
  `private_key` varchar(16) CHARACTER SET utf8 DEFAULT NULL,
  `tsupdate` datetime NOT NULL,
  `tsinsert` datetime NOT NULL,
  `preview_images` varchar(255) DEFAULT NULL,
  `screentype` int DEFAULT NULL,
  `resow` int DEFAULT NULL,
  `resoh` int DEFAULT NULL,
  `screenwidth` int DEFAULT NULL,
  PRIMARY KEY (`room_slug`),
  KEY `room_slug_index` (`room_slug`) /*!80000 INVISIBLE */,
  KEY `game_slug_index` (`game_slug`),
  KEY `gameid_index` (`gameid`)
) ENGINE=InnoDB DEFAULT CHARSET=utf32;
/*!40101 SET character_set_client = @saved_cs_client */;

--
-- Dumping data for table `game_room`
--

LOCK TABLES `game_room` WRITE;
/*!40000 ALTER TABLE `game_room` DISABLE KEYS */;
INSERT INTO `game_room` VALUES ('J7H9PB','test-game-1',6887818848595083264,4,0,'2022-04-01 05:17:12',2,2,NULL,1,2484,0,'Q6U9m',0,0,NULL,'2022-08-29 20:31:57','2022-08-29 20:31:57',NULL,3,4,4,600);
/*!40000 ALTER TABLE `game_room` ENABLE KEYS */;
UNLOCK TABLES;

--
-- Table structure for table `game_status`
--

DROP TABLE IF EXISTS `game_status`;
/*!40101 SET @saved_cs_client     = @@character_set_client */;
/*!50503 SET character_set_client = utf8mb4 */;
CREATE TABLE `game_status` (
  `id` int NOT NULL,
  `name` varchar(45) DEFAULT NULL,
  PRIMARY KEY (`id`)
) ENGINE=InnoDB DEFAULT CHARSET=utf8;
/*!40101 SET character_set_client = @saved_cs_client */;

--
-- Dumping data for table `game_status`
--

LOCK TABLES `game_status` WRITE;
/*!40000 ALTER TABLE `game_status` DISABLE KEYS */;
INSERT INTO `game_status` VALUES (1,'Draft'),(2,'Test'),(3,'Production'),(4,'Archive'),(5,'Suspended'),(6,'Private');
/*!40000 ALTER TABLE `game_status` ENABLE KEYS */;
UNLOCK TABLES;

--
-- Table structure for table `game_team`
--

DROP TABLE IF EXISTS `game_team`;
/*!40101 SET @saved_cs_client     = @@character_set_client */;
/*!50503 SET character_set_client = utf8mb4 */;
CREATE TABLE `game_team` (
  `game_slug` varchar(32) NOT NULL,
  `team_slug` varchar(32) NOT NULL,
  `team_name` varchar(64) NOT NULL,
  `minplayers` int NOT NULL DEFAULT '1',
  `maxplayers` int NOT NULL DEFAULT '1',
  `color` varchar(45) DEFAULT NULL,
  `icon` varchar(32) DEFAULT NULL,
  `tsupdate` datetime NOT NULL,
  `tsinsert` datetime NOT NULL,
  PRIMARY KEY (`game_slug`,`team_slug`)
) ENGINE=InnoDB DEFAULT CHARSET=utf8;
/*!40101 SET character_set_client = @saved_cs_client */;

--
-- Dumping data for table `game_team`
--

LOCK TABLES `game_team` WRITE;
/*!40000 ALTER TABLE `game_team` DISABLE KEYS */;
INSERT INTO `game_team` VALUES ('test-4','team_1','Blue Team',4,10,'blue',NULL,'2022-04-01 05:17:12','2022-04-01 05:17:12'),('test-4','team_10','Blue Team',4,10,'blue',NULL,'2022-04-01 05:17:12','2022-04-01 05:17:12'),('test-4','team_2','Blue Team',4,10,'blue',NULL,'2022-04-01 05:17:12','2022-04-01 05:17:12'),('test-4','team_3','Blue Team',4,10,'blue',NULL,'2022-04-01 05:17:12','2022-04-01 05:17:12'),('test-4','team_4','Blue Team',4,10,'blue',NULL,'2022-04-01 05:17:12','2022-04-01 05:17:12'),('test-4','team_5','Blue Team',4,10,'blue',NULL,'2022-04-01 05:17:12','2022-04-01 05:17:12'),('test-4','team_6','Blue Team',4,10,'blue',NULL,'2022-04-01 05:17:12','2022-04-01 05:17:12'),('test-4','team_7','Blue Team',4,10,'blue',NULL,'2022-04-01 05:17:12','2022-04-01 05:17:12'),('test-4','team_8','Blue Team',4,10,'blue',NULL,'2022-04-01 05:17:12','2022-04-01 05:17:12'),('test-4','team_9','Blue Team',4,10,'blue',NULL,'2022-04-01 05:17:12','2022-04-01 05:17:12'),('test-game-1','team_1','Red Team',1,1,'red',NULL,'2022-04-01 05:17:12','2022-04-01 05:17:12'),('test-game-1','team_2','Blue Team',1,1,'blue',NULL,'2022-04-01 05:17:12','2022-04-01 05:17:12');
/*!40000 ALTER TABLE `game_team` ENABLE KEYS */;
UNLOCK TABLES;

--
-- Table structure for table `game_version`
--

DROP TABLE IF EXISTS `game_version`;
/*!40101 SET @saved_cs_client     = @@character_set_client */;
/*!50503 SET character_set_client = utf8mb4 */;
CREATE TABLE `game_version` (
  `gameid` bigint NOT NULL,
  `version` int DEFAULT NULL,
  `db` tinyint DEFAULT '0',
  `scaled` tinyint NOT NULL DEFAULT '0',
  `screentype` int NOT NULL DEFAULT '3',
  `resow` int NOT NULL DEFAULT '4',
  `resoh` int NOT NULL DEFAULT '4',
  `screenwidth` int NOT NULL DEFAULT '1920',
  `status` int NOT NULL,
  `tsupdate` datetime NOT NULL,
  `tsinsert` datetime NOT NULL,
  UNIQUE KEY `gameid_version_unique` (`gameid`,`version`),
  KEY `gameid_version_index` (`gameid`,`version`)
) ENGINE=InnoDB DEFAULT CHARSET=utf8;
/*!40101 SET character_set_client = @saved_cs_client */;

--
-- Dumping data for table `game_version`
--

LOCK TABLES `game_version` WRITE;
/*!40000 ALTER TABLE `game_version` DISABLE KEYS */;
INSERT INTO `game_version` VALUES (6796538598029000704,34,0,0,3,4,4,1920,2,'2021-08-14 21:35:27','2021-05-24 01:02:30'),(6796538598029000704,3,0,0,3,4,4,1920,2,'2021-08-14 21:35:27','2021-05-24 01:02:30'),(6796538598029000704,35,0,0,3,4,4,1920,2,'2021-08-14 21:35:27','2021-05-25 01:04:01'),(6812169007416737792,1,1,0,3,4,4,1920,2,'2021-08-14 21:34:11','2021-06-20 00:16:00'),(6796538598029000704,36,0,0,3,4,4,1920,2,'2021-08-15 04:00:44','2021-08-07 19:20:51'),(6812169007416737792,2,1,0,3,4,4,1920,2,'2021-11-16 04:44:12','2021-08-07 19:32:42'),(6796538598029000704,37,0,0,3,4,4,1920,2,'2021-12-20 04:24:48','2021-09-20 01:23:50'),(6796538598029000704,38,0,0,3,4,4,1920,2,'2021-12-20 04:51:26','2021-12-20 04:51:26'),(6796538598029000704,39,0,0,3,4,4,1920,2,'2021-12-20 04:52:29','2021-12-20 04:52:29'),(6796538598029000704,40,0,0,3,4,4,1920,2,'2021-12-20 06:23:20','2021-12-20 06:23:20'),(6796538598029000704,41,0,0,3,4,4,1920,2,'2021-12-20 06:25:07','2021-12-20 06:25:07'),(6796538598029000704,42,0,0,3,4,4,1920,2,'2021-12-20 06:28:22','2021-12-20 06:28:22'),(6796538598029000704,43,0,0,3,4,4,1920,2,'2021-12-20 06:29:00','2021-12-20 06:29:00'),(6796538598029000704,44,0,0,3,4,4,1920,2,'2021-12-20 06:34:30','2021-12-20 06:34:30'),(6796538598029000704,45,0,0,3,4,4,1920,2,'2021-12-20 06:37:40','2021-12-20 06:37:40'),(6796538598029000704,46,0,0,3,4,4,1920,2,'2021-12-20 06:38:45','2021-12-20 06:38:45'),(6796538598029000704,47,0,0,3,4,4,1920,2,'2021-12-20 06:41:05','2021-12-20 06:41:05'),(6796538598029000704,48,0,0,3,4,4,1920,2,'2021-12-20 06:42:15','2021-12-20 06:42:15'),(6796538598029000704,49,0,0,3,4,4,1920,2,'2021-12-20 06:51:56','2021-12-20 06:51:56'),(6796538598029000704,50,0,1,3,4,4,1920,2,'2021-12-20 06:55:20','2021-12-20 06:55:20'),(6796538598029000704,51,0,1,3,4,4,1920,2,'2021-12-20 07:05:13','2021-12-20 07:05:13'),(6796538598029000704,52,0,1,3,4,4,1920,2,'2021-12-20 07:20:34','2021-12-20 07:20:34'),(6796538598029000704,53,0,1,3,4,4,1920,2,'2021-12-20 07:23:07','2021-12-20 07:23:07'),(6878850439647854592,1,0,1,3,4,4,1920,2,'2021-12-21 01:37:34','2021-12-21 01:37:34'),(6796538598029000704,54,0,1,3,4,4,1920,2,'2021-12-21 06:36:49','2021-12-21 06:36:49'),(6796538598029000704,55,0,1,3,4,4,1920,2,'2021-12-21 07:30:08','2021-12-21 07:30:08'),(6796538598029000704,56,0,1,3,4,4,1920,2,'2021-12-21 07:44:08','2021-12-21 07:44:08'),(6796538598029000704,57,0,1,3,4,4,1920,2,'2021-12-21 07:55:42','2021-12-21 07:55:42'),(6796538598029000704,58,0,1,3,4,4,1920,2,'2021-12-21 07:56:46','2021-12-21 07:56:46'),(6796538598029000704,59,0,1,3,4,4,1920,2,'2021-12-21 08:05:29','2021-12-21 08:05:29'),(6796538598029000704,60,0,1,3,4,4,1920,2,'2021-12-21 08:10:11','2021-12-21 08:10:11'),(6796538598029000704,61,0,1,3,4,4,1920,2,'2021-12-21 08:13:56','2021-12-21 08:13:56'),(6796538598029000704,62,0,1,3,4,4,1920,2,'2021-12-21 08:15:31','2021-12-21 08:15:31'),(6796538598029000704,63,0,1,3,4,4,1920,2,'2021-12-21 17:36:38','2021-12-21 17:36:38'),(6796538598029000704,64,0,1,3,4,4,1920,2,'2021-12-25 22:19:46','2021-12-25 22:19:46'),(6796538598029000704,65,0,1,3,4,4,1920,2,'2021-12-25 22:33:14','2021-12-25 22:33:14'),(6796538598029000704,66,0,1,3,4,4,1920,2,'2021-12-26 03:08:06','2021-12-26 03:08:06'),(6796538598029000704,67,0,1,3,4,4,1920,2,'2021-12-26 06:14:50','2021-12-26 06:14:50'),(6796538598029000704,68,0,1,3,4,4,1920,2,'2021-12-26 21:01:30','2021-12-26 21:01:30'),(6796538598029000704,69,0,1,3,4,4,1920,2,'2021-12-26 21:03:50','2021-12-26 21:03:50'),(6796538598029000704,70,0,1,3,4,4,1920,2,'2021-12-26 21:51:07','2021-12-26 21:51:07'),(6796538598029000704,71,0,1,3,4,4,1920,2,'2021-12-27 07:48:16','2021-12-27 07:48:16'),(6796538598029000704,72,0,1,3,4,4,1920,2,'2021-12-28 03:52:17','2021-12-28 03:52:17'),(6796538598029000704,73,0,1,3,4,4,1920,2,'2021-12-28 07:45:55','2021-12-28 07:45:55'),(6796538598029000704,74,0,1,3,4,4,1920,2,'2021-12-28 19:21:42','2021-12-28 19:21:42'),(6796538598029000704,75,0,1,3,4,4,1920,2,'2021-12-29 04:55:59','2021-12-29 04:55:59'),(6796538598029000704,76,0,1,3,4,4,1920,2,'2021-12-29 06:31:52','2021-12-29 06:31:52'),(6796538598029000704,77,0,1,3,4,4,1920,2,'2021-12-29 07:32:34','2021-12-29 07:32:34'),(6796538598029000704,78,0,1,3,4,4,1920,2,'2021-12-29 07:36:26','2021-12-29 07:36:26'),(6796538598029000704,79,0,1,3,4,4,1920,2,'2021-12-29 07:39:09','2021-12-29 07:39:09'),(6796538598029000704,80,0,1,3,4,4,1920,2,'2021-12-29 07:41:40','2021-12-29 07:41:40'),(6796538598029000704,81,0,1,3,4,4,1200,2,'2021-12-30 03:02:41','2021-12-30 03:02:41'),(6796538598029000704,82,0,1,3,4,4,1920,2,'2021-12-30 20:32:13','2021-12-30 20:32:13'),(6796538598029000704,83,0,1,3,4,4,1920,2,'2021-12-30 21:31:15','2021-12-30 21:31:15'),(6796538598029000704,84,0,1,3,4,4,1920,2,'2021-12-30 22:18:18','2021-12-30 22:18:18'),(6796538598029000704,4,0,0,3,4,4,1200,2,'2022-01-04 20:49:42','2022-01-04 20:49:42'),(6796538598029000704,5,0,0,3,4,4,1200,2,'2022-01-04 20:53:10','2022-01-04 20:53:10'),(6812169007416737792,3,1,0,1,4,4,1200,2,'2022-01-10 02:15:33','2022-01-10 02:15:33'),(6812169007416737792,4,1,0,1,4,4,1200,2,'2022-01-10 02:42:21','2022-01-10 02:42:21'),(6878850439647854592,2,0,0,3,4,4,1920,2,'2022-01-10 22:19:23','2022-01-10 22:19:23'),(6812169007416737792,5,0,0,1,4,4,1200,2,'2022-01-11 00:50:12','2022-01-11 00:50:12'),(6812169007416737792,6,1,0,1,4,4,1200,2,'2022-01-11 00:51:59','2022-01-11 00:51:59'),(6878850439647854592,3,0,0,3,4,4,1920,2,'2022-01-11 01:06:52','2022-01-11 01:06:52'),(6878850439647854592,4,0,0,3,4,4,1920,2,'2022-01-11 01:07:30','2022-01-11 01:07:30'),(6878850439647854592,5,0,0,3,4,4,1920,2,'2022-01-11 01:08:49','2022-01-11 01:08:49'),(6878850439647854592,6,0,0,3,4,4,1920,2,'2022-01-11 01:10:55','2022-01-11 01:10:55'),(6878850439647854592,7,0,0,3,4,4,1920,2,'2022-01-11 01:11:36','2022-01-11 01:11:36'),(6878850439647854592,8,0,0,3,4,4,1920,2,'2022-01-11 01:13:31','2022-01-11 01:13:31'),(6878850439647854592,9,0,0,3,4,4,1920,2,'2022-01-11 01:14:28','2022-01-11 01:14:28'),(6878850439647854592,10,0,0,3,4,4,1920,2,'2022-01-11 01:15:54','2022-01-11 01:15:54'),(6878850439647854592,11,0,0,3,4,4,1920,2,'2022-01-11 01:20:13','2022-01-11 01:20:13'),(6878850439647854592,12,0,0,3,4,4,1920,2,'2022-01-11 01:22:08','2022-01-11 01:22:08'),(6878850439647854592,13,0,0,3,4,4,600,2,'2022-01-11 01:23:56','2022-01-11 01:23:56'),(6878850439647854592,14,0,0,3,4,4,600,2,'2022-01-11 01:27:17','2022-01-11 01:27:17'),(6878850439647854592,15,1,0,3,4,4,600,2,'2022-01-13 03:40:34','2022-01-13 03:40:34'),(6887818848595083264,1,0,0,3,4,4,600,2,'2022-01-14 18:14:17','2022-01-14 18:14:17'),(6887819376221749248,1,0,0,3,4,4,600,2,'2022-01-14 18:16:06','2022-01-14 18:16:06'),(6887818848595083264,2,0,0,3,4,4,600,2,'2022-01-16 18:14:57','2022-01-16 18:14:57'),(6887819376221749248,2,0,0,3,4,4,600,2,'2022-01-16 18:16:18','2022-01-16 18:16:18'),(6878850439647854592,16,1,0,3,4,4,600,2,'2022-01-16 18:16:43','2022-01-16 18:16:43'),(6878850439647854592,17,1,0,3,4,4,600,2,'2022-01-16 23:22:39','2022-01-16 23:22:39'),(6887818848595083264,3,0,0,3,4,4,600,2,'2022-01-16 23:23:30','2022-01-16 23:23:30'),(6887819376221749248,3,0,0,3,4,4,600,2,'2022-01-16 23:23:56','2022-01-16 23:23:56'),(6887819376221749248,4,0,0,3,4,4,600,2,'2022-01-16 23:26:17','2022-01-16 23:26:17'),(6887818848595083264,4,0,0,3,4,4,600,2,'2022-01-16 23:26:48','2022-01-16 23:26:48'),(6878850439647854592,18,1,0,3,4,4,600,2,'2022-01-16 23:27:05','2022-01-16 23:27:05'),(6878850439647854592,19,1,0,3,4,4,600,2,'2022-02-27 06:55:48','2022-02-27 06:55:48'),(6878850439647854592,20,1,0,3,4,4,600,2,'2022-02-27 06:57:33','2022-02-27 06:57:33'),(6908624671466323968,1,0,0,1,4,4,1200,2,'2022-03-25 16:48:54','2022-03-25 16:48:54'),(6908624671466323968,2,0,0,1,4,4,1200,2,'2022-03-25 18:52:24','2022-03-25 18:52:24'),(6908624671466323968,3,0,0,1,4,4,1200,2,'2022-03-26 00:52:18','2022-03-26 00:52:18'),(6908624671466323968,4,0,0,3,4,3,600,2,'2022-03-26 02:29:42','2022-03-26 02:29:42'),(6908624671466323968,5,0,0,3,4,3,600,2,'2022-04-09 17:42:43','2022-04-09 17:42:43'),(6908624671466323968,6,0,0,3,4,3,600,2,'2022-04-09 17:44:25','2022-04-09 17:44:25'),(6908624671466323968,7,0,0,3,4,3,600,2,'2022-04-09 17:47:25','2022-04-09 17:47:25'),(6908624671466323968,8,0,0,3,4,3,600,2,'2022-04-09 18:17:12','2022-04-09 18:17:12'),(6908624671466323968,9,0,0,3,4,3,600,2,'2022-04-09 18:19:09','2022-04-09 18:19:09'),(6908624671466323968,10,0,0,3,4,3,600,2,'2022-04-09 18:20:22','2022-04-09 18:20:22'),(6908624671466323968,11,0,0,3,4,3,600,2,'2022-04-09 18:44:20','2022-04-09 18:44:20'),(6908624671466323968,12,0,0,1,4,3,600,2,'2022-04-09 18:45:12','2022-04-09 18:45:12');
/*!40000 ALTER TABLE `game_version` ENABLE KEYS */;
UNLOCK TABLES;

--
-- Table structure for table `person`
--

DROP TABLE IF EXISTS `person`;
/*!40101 SET @saved_cs_client     = @@character_set_client */;
/*!50503 SET character_set_client = utf8mb4 */;
CREATE TABLE `person` (
  `id` bigint NOT NULL,
  `shortid` varchar(10) DEFAULT NULL,
  `displayname` varchar(32) DEFAULT NULL,
  `email` varchar(255) DEFAULT NULL,
  `apikey` varchar(64) NOT NULL,
  `prevapikey` varchar(45) DEFAULT NULL,
  `isdev` tinyint unsigned NOT NULL DEFAULT '0',
  `github` varchar(255) DEFAULT NULL,
  `github_id` int DEFAULT NULL,
  `github_teamid` int DEFAULT NULL,
  `tsinsert` datetime NOT NULL,
  `tsupdate` datetime DEFAULT NULL,
  `tsapikey` datetime NOT NULL,
  `logintoken` varchar(64) DEFAULT NULL,
  `password` varchar(64) DEFAULT NULL,
  `webpush` varchar(1000) DEFAULT NULL,
  PRIMARY KEY (`id`),
  UNIQUE KEY `apikey_UNIQUE` (`apikey`),
  UNIQUE KEY `displayname_UNIQUE` (`displayname`),
  UNIQUE KEY `email_UNIQUE` (`email`),
  UNIQUE KEY `github_id_UNIQUE` (`github_id`),
  UNIQUE KEY `github_teamid_UNIQUE` (`github_teamid`),
  UNIQUE KEY `shortid_UNIQUE` (`shortid`)
) ENGINE=InnoDB DEFAULT CHARSET=utf8;
/*!40101 SET character_set_client = @saved_cs_client */;

--
-- Dumping data for table `person`
--

LOCK TABLES `person` WRITE;
/*!40000 ALTER TABLE `person` DISABLE KEYS */;
INSERT INTO `person` VALUES (149293855324246016,'8CCkf','joe','joelruiz2@gmail.com','C96899B1BEC943DFB972B919132B3D52',NULL,1,'joetex',1610876,NULL,'2021-02-03 23:20:28','2022-03-26 02:42:36','2021-02-03 23:20:28',NULL,NULL,'{\"endpoint\":\"https://fcm.googleapis.com/fcm/send/eYNP8R4Ll7w:APA91bFgbQE3-RLUgYqFtSCuU3snzuHMtP-aHlQvAQPEnKJx1bfxoVUAvU-9_zQD2wqRusS4_1XLh_GsFghykTflacx41Ig9U806BXyz7l0INqK1fq1mkcQoGOGEdCLyTM54Q1_OT9XX\",\"expirationTime\":null,\"keys\":{\"p256dh\":\"BHgaswd83zuSx_271Y4sKlPqi4XzsAatRHcN-GukVMwtaL5dZktT1jr2SyYJCEIY31XzPxoVn2Mp5F3hIHRQrPw\",\"auth\":\"Tb3naghO0BERJcLLjRmeNQ\"}}'),(6771111937385168896,'manC6','5SG','five.second.games@gmail.com','D82EFEF03854428EB0A9B99A9BD3DBDE',NULL,0,'5SG',79618222,NULL,'2021-02-26 17:01:27','2022-01-02 06:09:14','2021-02-26 17:01:27',NULL,NULL,NULL),(6779261168264413184,'Oi7qt','SERVER','server@fivesecondgames.com','A8043B576A9D42A286666065866F0F72',NULL,0,NULL,NULL,NULL,'2021-03-04 04:24:32','2021-03-04 04:24:43','2021-03-04 04:24:32',NULL,NULL,NULL),(6876230425522470912,'odqL8','JoeYahoo','joel196@yahoo.com','3845C54C1AAE49A4908A786EA1EA9B01',NULL,1,'JoTexas',80021840,NULL,'2021-12-13 18:44:47','2022-01-03 08:06:57','2021-12-13 18:44:47',NULL,NULL,NULL),(6888014652173713408,'qswZD','Jjjj',NULL,'CF5D50B7C5A944B6BD544C097802E91C',NULL,0,NULL,NULL,NULL,'2022-01-15 07:11:06','2022-01-15 07:11:06','2022-01-15 07:11:06',NULL,NULL,NULL),(6888235585438220288,'RoJzN','John','10158402857617920','E7E840AB2E3D49FFAC645645A5BD5C11',NULL,0,NULL,NULL,NULL,'2022-01-15 21:49:00','2022-01-16 03:11:34','2022-01-15 21:49:00',NULL,NULL,NULL),(6888240182823223296,'ODOfx','TestName5','admin@acos.games','13C8BB4877DC4A81BD7CAD57926EB0E4',NULL,0,'acosg',96845776,NULL,'2022-01-15 22:07:16','2022-01-15 22:07:44','2022-01-15 22:07:16',NULL,NULL,NULL),(6890014959200108544,'3Gwd6','TestName4',NULL,'CE9A5A4E57FA4F58AE5FEDF37C9ED7D2',NULL,0,NULL,NULL,NULL,'2022-01-20 19:39:36','2022-01-20 19:39:36','2022-01-20 19:39:36',NULL,NULL,NULL),(6895966950774538240,'aMnCM','asdfadsf',NULL,'DBBF032FD46F49EDAD44BFB9CADA1931',NULL,0,NULL,NULL,NULL,'2022-02-06 05:50:41','2022-02-06 05:50:41','2022-02-06 05:50:41',NULL,NULL,NULL),(6901719862297493504,'3Asg2','fffff',NULL,'5CC50ED8761F450DB349CBCB460C5CF7',NULL,0,NULL,NULL,NULL,'2022-02-22 02:50:42','2022-02-22 02:50:42','2022-02-22 02:50:42',NULL,NULL,NULL),(6901720580207149056,'flSPI','dffdff',NULL,'7ED8BAA52FC5465BA220F09385C02DB2',NULL,0,NULL,NULL,NULL,'2022-02-22 02:53:34','2022-02-22 02:53:34','2022-02-22 02:53:34',NULL,NULL,NULL),(6945200150214082560,'ZyuWi','asdf',NULL,'ABE5400B4726497984287E017A5EAB86',NULL,0,NULL,NULL,NULL,'2022-06-22 02:25:51','2022-06-22 02:25:51','2022-06-22 02:25:51',NULL,NULL,NULL),(6966612288308510720,'2Df6E','Test4','hya_oej@hotmail.com','595FCA4573B0407CA377ECC16CD2201C',NULL,0,NULL,NULL,NULL,'2022-08-20 04:30:02','2022-08-20 04:31:32','2022-08-20 04:30:02',NULL,NULL,NULL),(6966974398091755520,'wagFP','Test7',NULL,'7812DCB9176C4487B53A04858DB31E04',NULL,0,NULL,NULL,NULL,'2022-08-21 04:28:56','2022-08-21 04:28:56','2022-08-21 04:28:56',NULL,NULL,NULL),(6969186160870424576,'Q6U9m','1234',NULL,'FC6B94D12A9E4DFDA0F4FDD72386737C',NULL,0,NULL,NULL,NULL,'2022-08-27 06:57:41','2022-08-29 21:09:05','2022-08-27 06:57:41',NULL,NULL,'{}'),(6970054828659572736,'rGaRP','12345',NULL,'5235031B665345CDAAAF425BC29BB55F',NULL,0,NULL,NULL,NULL,'2022-08-29 16:29:28','2022-08-29 16:29:28','2022-08-29 16:29:28',NULL,NULL,NULL),(6970130545527226368,'FpeA6','yellowpeacock139',NULL,'D2A979CFFA204425A91C78E0D578EDA5',NULL,0,NULL,NULL,NULL,'2022-08-29 21:30:20','2022-08-29 21:30:20','2022-08-29 21:30:20',NULL,NULL,NULL),(6970130545573363712,'gtkCn','goldenkoala410',NULL,'245B7AD8EF72484983BF9444A32C0E10',NULL,0,NULL,NULL,NULL,'2022-08-29 21:30:20','2022-08-29 21:30:20','2022-08-29 21:30:20',NULL,NULL,NULL),(6970130545585946624,'HVXpp','smallbird985',NULL,'5255C320B0CD4F7DAB5053554FED51A3',NULL,0,NULL,NULL,NULL,'2022-08-29 21:30:20','2022-08-29 21:30:20','2022-08-29 21:30:20',NULL,NULL,NULL),(6970130545602723840,'vSv1P','brownfish540',NULL,'945A010D911545B99790A99639A510A5',NULL,0,NULL,NULL,NULL,'2022-08-29 21:30:20','2022-08-29 21:30:20','2022-08-29 21:30:20',NULL,NULL,NULL),(6970130545640472576,'4uA5x','bigelephant503',NULL,'F8D105D1FBC44E04A9E636ADBB9560BD',NULL,0,NULL,NULL,NULL,'2022-08-29 21:30:20','2022-08-29 21:30:20','2022-08-29 21:30:20',NULL,NULL,NULL),(6970130545653055488,'kCpMn','beautifulkoala361',NULL,'61BAAA2076144058AB8C7597A8E46FA4',NULL,0,NULL,NULL,NULL,'2022-08-29 21:30:20','2022-08-29 21:30:20','2022-08-29 21:30:20',NULL,NULL,NULL),(6970130545669832704,'7lFeC','silverelephant404',NULL,'45D8D1A2AD864B40AB2925DFFC69B593',NULL,0,NULL,NULL,NULL,'2022-08-29 21:30:20','2022-08-29 21:30:20','2022-08-29 21:30:20',NULL,NULL,NULL),(6970130545686609920,'cIbqw','goldenelephant510',NULL,'E183F9A3F9464D58B23705F0B944188F',NULL,0,NULL,NULL,NULL,'2022-08-29 21:30:20','2022-08-29 21:30:20','2022-08-29 21:30:20',NULL,NULL,NULL),(6970130545707581440,'mUfQI','silvergorilla196',NULL,'A53BBE085C5A439881B60EB8479B0F2A',NULL,0,NULL,NULL,NULL,'2022-08-29 21:30:20','2022-08-29 21:30:20','2022-08-29 21:30:20',NULL,NULL,NULL),(6970130545728552960,'BLQH8','biggorilla322',NULL,'1F52E23B8B5B472F819DD8B522D5B856',NULL,0,NULL,NULL,NULL,'2022-08-29 21:30:20','2022-08-29 21:30:20','2022-08-29 21:30:20',NULL,NULL,NULL),(6970130545745330176,'YWBPI','redbear614',NULL,'5A50D67192144C6B907382211ECE6342',NULL,0,NULL,NULL,NULL,'2022-08-29 21:30:20','2022-08-29 21:30:20','2022-08-29 21:30:20',NULL,NULL,NULL),(6970130545757913088,'zL0uD','yellowduck640',NULL,'ADCEDC12E74C40D887DBA7AFD730308D',NULL,0,NULL,NULL,NULL,'2022-08-29 21:30:20','2022-08-29 21:30:20','2022-08-29 21:30:20',NULL,NULL,NULL),(6970130545774690304,'2wKar','tinybird877',NULL,'AD218B0C8CF543ECA26E39E1D9C07EA0',NULL,0,NULL,NULL,NULL,'2022-08-29 21:30:20','2022-08-29 21:30:20','2022-08-29 21:30:20',NULL,NULL,NULL),(6970130545787273216,'32dxo','yellowwolf551',NULL,'A192F334A5924C498524897DA4F9520B',NULL,0,NULL,NULL,NULL,'2022-08-29 21:30:20','2022-08-29 21:30:20','2022-08-29 21:30:20',NULL,NULL,NULL),(6970130545804050432,'Ar1Dv','tinypanda172',NULL,'5AEF152DF5BA4943AC00797702F2E7F6',NULL,0,NULL,NULL,NULL,'2022-08-29 21:30:20','2022-08-29 21:30:20','2022-08-29 21:30:20',NULL,NULL,NULL),(6970130545820827648,'TeHx6','lazysnake906',NULL,'699CF03D0C8049CC99103E8179EDD2D0',NULL,0,NULL,NULL,NULL,'2022-08-29 21:30:20','2022-08-29 21:30:20','2022-08-29 21:30:20',NULL,NULL,NULL),(6970130545833410560,'TJQFd','beautifulbutterfly981',NULL,'21DCE3FF48F44222971118340103CAB5',NULL,0,NULL,NULL,NULL,'2022-08-29 21:30:20','2022-08-29 21:30:20','2022-08-29 21:30:20',NULL,NULL,NULL),(6970130545850187776,'7ln6t','purpleostrich818',NULL,'C1201EDFCC7F4B15B2FE101F7D8588C5',NULL,0,NULL,NULL,NULL,'2022-08-29 21:30:20','2022-08-29 21:30:20','2022-08-29 21:30:20',NULL,NULL,NULL),(6970130545866964992,'42hgK','ticklishswan854',NULL,'B5B56F587FD14E89AC5F4824CAA5E62B',NULL,0,NULL,NULL,NULL,'2022-08-29 21:30:20','2022-08-29 21:30:20','2022-08-29 21:30:20',NULL,NULL,NULL),(6970130545875353600,'ybLU7','beautifuldog542',NULL,'E787D472C9DE4154AF5B259A59E8CC12',NULL,0,NULL,NULL,NULL,'2022-08-29 21:30:20','2022-08-29 21:30:20','2022-08-29 21:30:20',NULL,NULL,NULL),(6970130545887936512,'KfTK2','smallleopard952',NULL,'4B32F38854414D9D91B7484B7589AD87',NULL,0,NULL,NULL,NULL,'2022-08-29 21:30:20','2022-08-29 21:30:20','2022-08-29 21:30:20',NULL,NULL,NULL),(6970130545900519424,'4rU91','bluegorilla445',NULL,'9CDF996F3BC7438784E4C33006E5947B',NULL,0,NULL,NULL,NULL,'2022-08-29 21:30:20','2022-08-29 21:30:20','2022-08-29 21:30:20',NULL,NULL,NULL),(6970130545917296640,'8e6cX','tinyfish204',NULL,'95B6764BCB18416C95385833B2DEDE78',NULL,0,NULL,NULL,NULL,'2022-08-29 21:30:20','2022-08-29 21:30:20','2022-08-29 21:30:20',NULL,NULL,NULL),(6970130545934073856,'PNOZ6','organicrabbit832',NULL,'11A620D45DC14079B8340C83E0AE304A',NULL,0,NULL,NULL,NULL,'2022-08-29 21:30:20','2022-08-29 21:30:20','2022-08-29 21:30:20',NULL,NULL,NULL),(6970130545946656768,'7odLf','ticklishbird503',NULL,'D21B70C52E4B4F27A2594D0ABFE3FEB3',NULL,0,NULL,NULL,NULL,'2022-08-29 21:30:20','2022-08-29 21:30:20','2022-08-29 21:30:20',NULL,NULL,NULL),(6970130545963433984,'ZJdjZ','heavypeacock986',NULL,'2DD8755D9C2A470D8B982D29FA1C03AD',NULL,0,NULL,NULL,NULL,'2022-08-29 21:30:20','2022-08-29 21:30:20','2022-08-29 21:30:20',NULL,NULL,NULL),(6970130545976016896,'myJfY','beautifulduck156',NULL,'661538829E81418FA2F380AD9715286D',NULL,0,NULL,NULL,NULL,'2022-08-29 21:30:20','2022-08-29 21:30:20','2022-08-29 21:30:20',NULL,NULL,NULL),(6970130545992794112,'FSyv2','blackduck663',NULL,'B6E115B1DE004D0E87A0C8AD48B46499',NULL,0,NULL,NULL,NULL,'2022-08-29 21:30:20','2022-08-29 21:30:20','2022-08-29 21:30:20',NULL,NULL,NULL),(6970130546005377024,'BtEqR','purplefish635',NULL,'1AD311324E324964A5882F8A94702D6C',NULL,0,NULL,NULL,NULL,'2022-08-29 21:30:20','2022-08-29 21:30:20','2022-08-29 21:30:20',NULL,NULL,NULL),(6970130546013765632,'xiZCg','silverlion762',NULL,'5DF080E9C32F48B387D80120425A1C70',NULL,0,NULL,NULL,NULL,'2022-08-29 21:30:20','2022-08-29 21:30:20','2022-08-29 21:30:20',NULL,NULL,NULL),(6970130546026348544,'RBvzM','blackbear100',NULL,'E09D3EF7C240429490C619C52CE756F9',NULL,0,NULL,NULL,NULL,'2022-08-29 21:30:20','2022-08-29 21:30:20','2022-08-29 21:30:20',NULL,NULL,NULL),(6970130546038931456,'rvx0P','smallswan192',NULL,'D46E4582AF374B65BC9377812B92F001',NULL,0,NULL,NULL,NULL,'2022-08-29 21:30:20','2022-08-29 21:30:20','2022-08-29 21:30:20',NULL,NULL,NULL),(6970130546047320064,'8JyO7','silvermouse222',NULL,'F99A6C416EDA4ACBB0BD162E57624048',NULL,0,NULL,NULL,NULL,'2022-08-29 21:30:20','2022-08-29 21:30:20','2022-08-29 21:30:20',NULL,NULL,NULL),(6970130546064097280,'3cCuB','heavygorilla341',NULL,'2577B9FA12CE455C9BEAB0111765E088',NULL,0,NULL,NULL,NULL,'2022-08-29 21:30:20','2022-08-29 21:30:20','2022-08-29 21:30:20',NULL,NULL,NULL),(6970130546076680192,'Qw2go','organicduck267',NULL,'F4CEDF6F334C436199F9EF25E0403894',NULL,0,NULL,NULL,NULL,'2022-08-29 21:30:20','2022-08-29 21:30:20','2022-08-29 21:30:20',NULL,NULL,NULL),(6970130546089263104,'U9AdF','purplepanda581',NULL,'B8E9A2729E2C4798A540A66928819B1E',NULL,0,NULL,NULL,NULL,'2022-08-29 21:30:20','2022-08-29 21:30:20','2022-08-29 21:30:20',NULL,NULL,NULL),(6970130546097651712,'fXZ9A','brownbear342',NULL,'3CD2FA5DC8CE4B54B2312520E82E6099',NULL,0,NULL,NULL,NULL,'2022-08-29 21:30:20','2022-08-29 21:30:20','2022-08-29 21:30:20',NULL,NULL,NULL),(6970130546110234624,'gtTRC','redduck278',NULL,'FA458A7EFC5B433F8C6CBBFC383E480F',NULL,0,NULL,NULL,NULL,'2022-08-29 21:30:20','2022-08-29 21:30:20','2022-08-29 21:30:20',NULL,NULL,NULL),(6970130546127011840,'EjqQw','smallcat785',NULL,'D63F5465F2F7441DA1EB1CB7D4B59BA4',NULL,0,NULL,NULL,NULL,'2022-08-29 21:30:20','2022-08-29 21:30:20','2022-08-29 21:30:20',NULL,NULL,NULL),(6970130546139594752,'XvAWX','orangeduck243',NULL,'6FA885CA1D174C52B40E97FF4E1EB1FF',NULL,0,NULL,NULL,NULL,'2022-08-29 21:30:20','2022-08-29 21:30:20','2022-08-29 21:30:20',NULL,NULL,NULL),(6970130546156371968,'npTiv','bluesnake886',NULL,'1A0902D93FA04AAB9CCDC0CFE37B3EFE',NULL,0,NULL,NULL,NULL,'2022-08-29 21:30:20','2022-08-29 21:30:20','2022-08-29 21:30:20',NULL,NULL,NULL),(6970130546168954880,'r07UE','heavyladybug712',NULL,'EC09B662A85A42AE90A6BC11E7B65F86',NULL,0,NULL,NULL,NULL,'2022-08-29 21:30:20','2022-08-29 21:30:20','2022-08-29 21:30:20',NULL,NULL,NULL),(6970130546181537792,'mOTO1','bluebear261',NULL,'7DF6140EB00840CBB09F940085D827B9',NULL,0,NULL,NULL,NULL,'2022-08-29 21:30:20','2022-08-29 21:30:20','2022-08-29 21:30:20',NULL,NULL,NULL),(6970130546198315008,'FMGVA','bluedog190',NULL,'A232C7A3F9B14290A30D534B61C23725',NULL,0,NULL,NULL,NULL,'2022-08-29 21:30:20','2022-08-29 21:30:20','2022-08-29 21:30:20',NULL,NULL,NULL),(6970130546210897920,'xVoga','organiclion990',NULL,'8EAC6DD3AB994271A77C8ECD8D7DF095',NULL,0,NULL,NULL,NULL,'2022-08-29 21:30:20','2022-08-29 21:30:20','2022-08-29 21:30:20',NULL,NULL,NULL),(6970130546227675136,'cK4dg','redduck501',NULL,'39CE545971AC4B23B276F6EF183C68F1',NULL,0,NULL,NULL,NULL,'2022-08-29 21:30:20','2022-08-29 21:30:20','2022-08-29 21:30:20',NULL,NULL,NULL),(6970130546240258048,'DZ5f3','beautifulgorilla878',NULL,'21CC759CAD134CCFB04E4ED06181E1F0',NULL,0,NULL,NULL,NULL,'2022-08-29 21:30:20','2022-08-29 21:30:20','2022-08-29 21:30:20',NULL,NULL,NULL),(6970130546257035264,'w3d1y','crazydog340',NULL,'B782D9A5F4F1466FBE334CE2C1CD3CDE',NULL,0,NULL,NULL,NULL,'2022-08-29 21:30:20','2022-08-29 21:30:20','2022-08-29 21:30:20',NULL,NULL,NULL),(6970130546286395392,'U0O0N','purplecat469',NULL,'7DBE96CE77DC40778DF92EE377D7ABF9',NULL,0,NULL,NULL,NULL,'2022-08-29 21:30:20','2022-08-29 21:30:20','2022-08-29 21:30:20',NULL,NULL,NULL),(6970130546303172608,'aCukO','lazyladybug983',NULL,'D4F8F7564E804BED9946C8AF87ECCD07',NULL,0,NULL,NULL,NULL,'2022-08-29 21:30:21','2022-08-29 21:30:21','2022-08-29 21:30:21',NULL,NULL,NULL),(6970130546319949824,'ZZYFl','goldenpanda940',NULL,'EAEC9FCAC8284B6AAB74E433913AF472',NULL,0,NULL,NULL,NULL,'2022-08-29 21:30:21','2022-08-29 21:30:21','2022-08-29 21:30:21',NULL,NULL,NULL),(6970130546332532736,'mqVAH','blackrabbit457',NULL,'4BB92A0AF5FC4B1CAC5C51FDAAB550A6',NULL,0,NULL,NULL,NULL,'2022-08-29 21:30:21','2022-08-29 21:30:21','2022-08-29 21:30:21',NULL,NULL,NULL),(6970130546349309952,'DN54f','bigelephant798',NULL,'1C837C23073645A99DAFCCE5BEB2ADF6',NULL,0,NULL,NULL,NULL,'2022-08-29 21:30:21','2022-08-29 21:30:21','2022-08-29 21:30:21',NULL,NULL,NULL),(6970130546366087168,'c1jRP','whitecat630',NULL,'5684CBA2F60B47D3AE8AE316E914302F',NULL,0,NULL,NULL,NULL,'2022-08-29 21:30:21','2022-08-29 21:30:21','2022-08-29 21:30:21',NULL,NULL,NULL),(6970130546382864384,'j0CoJ','crazymeercat569',NULL,'BF4FC54D278844B0883B9591D8424D99',NULL,0,NULL,NULL,NULL,'2022-08-29 21:30:21','2022-08-29 21:30:21','2022-08-29 21:30:21',NULL,NULL,NULL),(6970130546399641600,'LfPxL','organiccat298',NULL,'8A0829113E3141C7822B328F6F343851',NULL,0,NULL,NULL,NULL,'2022-08-29 21:30:21','2022-08-29 21:30:21','2022-08-29 21:30:21',NULL,NULL,NULL),(6970130546412224512,'iFwIf','orangefish828',NULL,'23DAD50474C444F8A2C0F6CF31F5BB82',NULL,0,NULL,NULL,NULL,'2022-08-29 21:30:21','2022-08-29 21:30:21','2022-08-29 21:30:21',NULL,NULL,NULL),(6970130546429001728,'a5rAp','crazysnake370',NULL,'118C859F83E44EBB81ACA1445EA30898',NULL,0,NULL,NULL,NULL,'2022-08-29 21:30:21','2022-08-29 21:30:21','2022-08-29 21:30:21',NULL,NULL,NULL),(6970130546445778944,'6bxgG','orangemeercat416',NULL,'4E0D2AE9719D45EA8CD3DC7EA04D5F3B',NULL,0,NULL,NULL,NULL,'2022-08-29 21:30:21','2022-08-29 21:30:21','2022-08-29 21:30:21',NULL,NULL,NULL),(6970130546458361856,'lvjlh','lazypeacock446',NULL,'FBF72C6DB5474199A2EFFA7BC5E7CF3A',NULL,0,NULL,NULL,NULL,'2022-08-29 21:30:21','2022-08-29 21:30:21','2022-08-29 21:30:21',NULL,NULL,NULL),(6970130546470944768,'rWJb7','whitebutterfly256',NULL,'74E5E66AC76640D48BEFDE282BE45E13',NULL,0,NULL,NULL,NULL,'2022-08-29 21:30:21','2022-08-29 21:30:21','2022-08-29 21:30:21',NULL,NULL,NULL),(6970130546483527680,'5sIEZ','beautifulbear427',NULL,'3C774C80C9A042C09BEA99DDBC442CFA',NULL,0,NULL,NULL,NULL,'2022-08-29 21:30:21','2022-08-29 21:30:21','2022-08-29 21:30:21',NULL,NULL,NULL),(6970130546496110592,'eMVki','goldenbear204',NULL,'8B0E27087C4D48A3BC57BACF50CDABAF',NULL,0,NULL,NULL,NULL,'2022-08-29 21:30:21','2022-08-29 21:30:21','2022-08-29 21:30:21',NULL,NULL,NULL),(6970130546512887808,'ZghcY','tinywolf270',NULL,'4CCD59EBF0F84EABB92E5CB81954236E',NULL,0,NULL,NULL,NULL,'2022-08-29 21:30:21','2022-08-29 21:30:21','2022-08-29 21:30:21',NULL,NULL,NULL),(6970130546525470720,'KnybS','bigostrich113',NULL,'6EE3BD566C7F4ED7B3C04DFAA883951A',NULL,0,NULL,NULL,NULL,'2022-08-29 21:30:21','2022-08-29 21:30:21','2022-08-29 21:30:21',NULL,NULL,NULL),(6970130546538053632,'2LzEY','purplegoose229',NULL,'0C901B263E9D4C77B69F62B30E80EEEB',NULL,0,NULL,NULL,NULL,'2022-08-29 21:30:21','2022-08-29 21:30:21','2022-08-29 21:30:21',NULL,NULL,NULL),(6970130546550636544,'aFxXj','orangeswan718',NULL,'2FBEB939E2FA496C80E27094476A0C1C',NULL,0,NULL,NULL,NULL,'2022-08-29 21:30:21','2022-08-29 21:30:21','2022-08-29 21:30:21',NULL,NULL,NULL),(6970130546563219456,'Ysepi','brownduck797',NULL,'EA8B1DADEC074D2CBCDBB4E6D9D0E3F0',NULL,0,NULL,NULL,NULL,'2022-08-29 21:30:21','2022-08-29 21:30:21','2022-08-29 21:30:21',NULL,NULL,NULL),(6970130546575802368,'iyOPp','purplebird909',NULL,'8540220E025F4A10B4EDA43BD1AFCC6A',NULL,0,NULL,NULL,NULL,'2022-08-29 21:30:21','2022-08-29 21:30:21','2022-08-29 21:30:21',NULL,NULL,NULL),(6970130546588385280,'QiqUp','ticklishtiger122',NULL,'97E3FB61BF0D4EAC9D5B44F50D5100FB',NULL,0,NULL,NULL,NULL,'2022-08-29 21:30:21','2022-08-29 21:30:21','2022-08-29 21:30:21',NULL,NULL,NULL),(6970130546600968192,'UKvnP','crazymeercat494',NULL,'5DC0D21A5710434CB991DFBDC79B4ACA',NULL,0,NULL,NULL,NULL,'2022-08-29 21:30:21','2022-08-29 21:30:21','2022-08-29 21:30:21',NULL,NULL,NULL),(6970130546613551104,'1wwwq','heavytiger158',NULL,'9221D381A25147ABA9F0A7373BDC4DF7',NULL,0,NULL,NULL,NULL,'2022-08-29 21:30:21','2022-08-29 21:30:21','2022-08-29 21:30:21',NULL,NULL,NULL),(6970130546626134016,'lAqSy','whiteostrich733',NULL,'71DFAC7436D54DC29EDD9A857B31FE3A',NULL,0,NULL,NULL,NULL,'2022-08-29 21:30:21','2022-08-29 21:30:21','2022-08-29 21:30:21',NULL,NULL,NULL),(6970130546634522624,'wuQ5S','goldenbutterfly198',NULL,'7208544C8A7046749EEBAC58AC4F05DD',NULL,0,NULL,NULL,NULL,'2022-08-29 21:30:21','2022-08-29 21:30:21','2022-08-29 21:30:21',NULL,NULL,NULL),(6970130546647105536,'e0tIR','bluefish638',NULL,'75E3B76FDD22456781FF3CFCF8420287',NULL,0,NULL,NULL,NULL,'2022-08-29 21:30:21','2022-08-29 21:30:21','2022-08-29 21:30:21',NULL,NULL,NULL),(6970130546659688448,'1cJGW','brownelephant697',NULL,'80E07433A0834BBC8935AFF33BD4BA09',NULL,0,NULL,NULL,NULL,'2022-08-29 21:30:21','2022-08-29 21:30:21','2022-08-29 21:30:21',NULL,NULL,NULL),(6970130546672271360,'GlxJ6','blackladybug343',NULL,'259F4EF22FB141898D2B0E879DEFDE02',NULL,0,NULL,NULL,NULL,'2022-08-29 21:30:21','2022-08-29 21:30:21','2022-08-29 21:30:21',NULL,NULL,NULL),(6970130546684854272,'HZmiY','orangepeacock394',NULL,'D81D23E0CCAE4C57991101031C58874A',NULL,0,NULL,NULL,NULL,'2022-08-29 21:30:21','2022-08-29 21:30:21','2022-08-29 21:30:21',NULL,NULL,NULL),(6970130546697437184,'KZLVG','purpleduck599',NULL,'E033F67A686B4E00BC26049ACFE6008C',NULL,0,NULL,NULL,NULL,'2022-08-29 21:30:21','2022-08-29 21:30:21','2022-08-29 21:30:21',NULL,NULL,NULL),(6970130546714214400,'LtUbb','lazytiger506',NULL,'C844F21B9AEC40EF86C460E761314395',NULL,0,NULL,NULL,NULL,'2022-08-29 21:30:21','2022-08-29 21:30:21','2022-08-29 21:30:21',NULL,NULL,NULL),(6970130546730991616,'JmTEr','greengorilla457',NULL,'0298D546CBA34CB484D261DC4BF66329',NULL,0,NULL,NULL,NULL,'2022-08-29 21:30:21','2022-08-29 21:30:21','2022-08-29 21:30:21',NULL,NULL,NULL),(6970130546743574528,'kV0Bn','goldenbutterfly467',NULL,'72ACF24021B544B0914EC271816EF751',NULL,0,NULL,NULL,NULL,'2022-08-29 21:30:21','2022-08-29 21:30:21','2022-08-29 21:30:21',NULL,NULL,NULL),(6970130546756157440,'Tj6xG','smalldog404',NULL,'21416C1F66CD4C9CAB7914968724E854',NULL,0,NULL,NULL,NULL,'2022-08-29 21:30:21','2022-08-29 21:30:21','2022-08-29 21:30:21',NULL,NULL,NULL),(6970130546768740352,'LGzaI','goldengorilla897',NULL,'86DF316DB23F4FF0BF4B3A2048458FD1',NULL,0,NULL,NULL,NULL,'2022-08-29 21:30:21','2022-08-29 21:30:21','2022-08-29 21:30:21',NULL,NULL,NULL),(6970130546785517568,'Cnn1U','blacktiger991',NULL,'DC74256FE2E040CDA5CF830DFACF1F72',NULL,0,NULL,NULL,NULL,'2022-08-29 21:30:21','2022-08-29 21:30:21','2022-08-29 21:30:21',NULL,NULL,NULL),(6970130546793906176,'2Zj9p','orangemouse353',NULL,'F9A21228C83A4B1C800360E06C852752',NULL,0,NULL,NULL,NULL,'2022-08-29 21:30:21','2022-08-29 21:30:21','2022-08-29 21:30:21',NULL,NULL,NULL),(6970130546806489088,'FKCcb','whiteelephant609',NULL,'386065E4C22E437E8D04B0A772C43217',NULL,0,NULL,NULL,NULL,'2022-08-29 21:30:21','2022-08-29 21:30:21','2022-08-29 21:30:21',NULL,NULL,NULL),(6970130546819072000,'B2HA3','whitegoose675',NULL,'B683891D57A743969C2BFFC487C9BAD2',NULL,0,NULL,NULL,NULL,'2022-08-29 21:30:21','2022-08-29 21:30:21','2022-08-29 21:30:21',NULL,NULL,NULL),(6970130546831654912,'aWUAQ','beautifulcat134',NULL,'4BC8E5CE02FC49BB9BBA036AE6BB239B',NULL,0,NULL,NULL,NULL,'2022-08-29 21:30:21','2022-08-29 21:30:21','2022-08-29 21:30:21',NULL,NULL,NULL),(6970130546848432128,'jJmVs','brownmeercat250',NULL,'CCF1BB4025A54B2AA211DE22F0CC54FF',NULL,0,NULL,NULL,NULL,'2022-08-29 21:30:21','2022-08-29 21:30:21','2022-08-29 21:30:21',NULL,NULL,NULL),(6970130546861015040,'v4Iw6','crazyladybug652',NULL,'85C7101220634630B482C877C4EA9DF5',NULL,0,NULL,NULL,NULL,'2022-08-29 21:30:21','2022-08-29 21:30:21','2022-08-29 21:30:21',NULL,NULL,NULL),(6970130546869403648,'S57vB','lazypanda981',NULL,'DA5918942A1B44F58F6F673CFD38A9E5',NULL,0,NULL,NULL,NULL,'2022-08-29 21:30:21','2022-08-29 21:30:21','2022-08-29 21:30:21',NULL,NULL,NULL),(6970130546881986560,'vispg','lazyrabbit702',NULL,'0786296D7E5C4C959A9ADA568FC33C44',NULL,0,NULL,NULL,NULL,'2022-08-29 21:30:21','2022-08-29 21:30:21','2022-08-29 21:30:21',NULL,NULL,NULL),(6970130546902958080,'v4hZ5','smallgorilla567',NULL,'93E8B328C1A944ED829D74D0977BB78A',NULL,0,NULL,NULL,NULL,'2022-08-29 21:30:21','2022-08-29 21:30:21','2022-08-29 21:30:21',NULL,NULL,NULL),(6970130546911346688,'YsDBm','beautifulladybug889',NULL,'86136E1990A142229F40F9965E2E3BE4',NULL,0,NULL,NULL,NULL,'2022-08-29 21:30:21','2022-08-29 21:30:21','2022-08-29 21:30:21',NULL,NULL,NULL),(6970130546923929600,'04x3u','organicgorilla260',NULL,'F819C56BA03C4A669127D2DCECC668ED',NULL,0,NULL,NULL,NULL,'2022-08-29 21:30:21','2022-08-29 21:30:21','2022-08-29 21:30:21',NULL,NULL,NULL),(6970130546936512512,'yn58A','greendog405',NULL,'C49C8EB7FC3041298B798B420C67BC70',NULL,0,NULL,NULL,NULL,'2022-08-29 21:30:21','2022-08-29 21:30:21','2022-08-29 21:30:21',NULL,NULL,NULL),(6970130546949095424,'PCqoL','whitegoose193',NULL,'66EF20096CD34D0BB85D666AAD48B9E7',NULL,0,NULL,NULL,NULL,'2022-08-29 21:30:21','2022-08-29 21:30:21','2022-08-29 21:30:21',NULL,NULL,NULL),(6970130546957484032,'EzIDR','heavypeacock278',NULL,'25BB16FAC1144715B008AD3C451471FF',NULL,0,NULL,NULL,NULL,'2022-08-29 21:30:21','2022-08-29 21:30:21','2022-08-29 21:30:21',NULL,NULL,NULL),(6970130546965872640,'6oSrG','blackfish735',NULL,'DA2DFC74F56C4F12B8F61F5C04B37261',NULL,0,NULL,NULL,NULL,'2022-08-29 21:30:21','2022-08-29 21:30:21','2022-08-29 21:30:21',NULL,NULL,NULL),(6970130546978455552,'TDk5L','lazyostrich947',NULL,'6BCEC00A01F240E0A5EB81DFB1136A21',NULL,0,NULL,NULL,NULL,'2022-08-29 21:30:21','2022-08-29 21:30:21','2022-08-29 21:30:21',NULL,NULL,NULL),(6970130546991038464,'sZ5mD','browngoose690',NULL,'9FD1D2DE3EE04E59B30018C1916FEC90',NULL,0,NULL,NULL,NULL,'2022-08-29 21:30:21','2022-08-29 21:30:21','2022-08-29 21:30:21',NULL,NULL,NULL),(6970130547007815680,'pbXkC','tinysnake876',NULL,'D44FF30D1BEC49A9B01DDA8D168B5D88',NULL,0,NULL,NULL,NULL,'2022-08-29 21:30:21','2022-08-29 21:30:21','2022-08-29 21:30:21',NULL,NULL,NULL),(6970130547028787200,'KZCmh','tinyduck137',NULL,'78FD1530C4964BE1AB742D25918C3195',NULL,0,NULL,NULL,NULL,'2022-08-29 21:30:21','2022-08-29 21:30:21','2022-08-29 21:30:21',NULL,NULL,NULL),(6970130547041370112,'Jb0In','lazylion665',NULL,'9E7E17A555B2425D8149BD1B72AAF549',NULL,0,NULL,NULL,NULL,'2022-08-29 21:30:21','2022-08-29 21:30:21','2022-08-29 21:30:21',NULL,NULL,NULL),(6970130547058147328,'FGDlo','greenelephant794',NULL,'3DB716AA4AA54DD786E3CA2EFDF3E44D',NULL,0,NULL,NULL,NULL,'2022-08-29 21:30:21','2022-08-29 21:30:21','2022-08-29 21:30:21',NULL,NULL,NULL),(6970130547074924544,'XJL0M','greenswan192',NULL,'1FF213A1F0094BE1840F9298FBE4F72A',NULL,0,NULL,NULL,NULL,'2022-08-29 21:30:21','2022-08-29 21:30:21','2022-08-29 21:30:21',NULL,NULL,NULL),(6970130547087507456,'mIQ5Z','lazymouse110',NULL,'9305EF01B7554368B758CED08815A379',NULL,0,NULL,NULL,NULL,'2022-08-29 21:30:21','2022-08-29 21:30:21','2022-08-29 21:30:21',NULL,NULL,NULL),(6970130547104284672,'TdrAo','blueduck902',NULL,'8104DD18423D45438B728B663F7D81B7',NULL,0,NULL,NULL,NULL,'2022-08-29 21:30:21','2022-08-29 21:30:21','2022-08-29 21:30:21',NULL,NULL,NULL),(6970130547116867584,'eAnLX','yellowlion723',NULL,'66DE3AEF660E4145B72C0015AD377F94',NULL,0,NULL,NULL,NULL,'2022-08-29 21:30:21','2022-08-29 21:30:21','2022-08-29 21:30:21',NULL,NULL,NULL),(6970130547133644800,'8y4MW','beautifuldog103',NULL,'F14DBD6AA78749B4B48C6DD30946D195',NULL,0,NULL,NULL,NULL,'2022-08-29 21:30:21','2022-08-29 21:30:21','2022-08-29 21:30:21',NULL,NULL,NULL),(6970130547158810624,'uLKxj','purpleleopard290',NULL,'1589F8ED7E6C4611962FCD812773ED97',NULL,0,NULL,NULL,NULL,'2022-08-29 21:30:21','2022-08-29 21:30:21','2022-08-29 21:30:21',NULL,NULL,NULL),(6970130547171393536,'PwySJ','organicleopard979',NULL,'710DFC7AFD224AE9A95D4AF32BA9A6CC',NULL,0,NULL,NULL,NULL,'2022-08-29 21:30:21','2022-08-29 21:30:21','2022-08-29 21:30:21',NULL,NULL,NULL),(6970130547183976448,'mhR2j','greencat660',NULL,'9A3D918347C94B90909A6B961A3B13F5',NULL,0,NULL,NULL,NULL,'2022-08-29 21:30:21','2022-08-29 21:30:21','2022-08-29 21:30:21',NULL,NULL,NULL),(6970130547192365056,'Rqxrc','lazyleopard736',NULL,'4FD55CCBAC00485B86052E65460BF17B',NULL,0,NULL,NULL,NULL,'2022-08-29 21:30:21','2022-08-29 21:30:21','2022-08-29 21:30:21',NULL,NULL,NULL),(6970130547204947968,'DX5ZN','bigtiger174',NULL,'C830BBA9675C4D3898F3B5332410460F',NULL,0,NULL,NULL,NULL,'2022-08-29 21:30:21','2022-08-29 21:30:21','2022-08-29 21:30:21',NULL,NULL,NULL),(6970130547213336576,'2Ruu7','heavygoose821',NULL,'C810C6FE8B2746FDAEB34F4B374989D7',NULL,0,NULL,NULL,NULL,'2022-08-29 21:30:21','2022-08-29 21:30:21','2022-08-29 21:30:21',NULL,NULL,NULL),(6970130547225919488,'vjlyF','ticklishpanda180',NULL,'254182BB1FAB4411A0DAC89205AB5CE5',NULL,0,NULL,NULL,NULL,'2022-08-29 21:30:21','2022-08-29 21:30:21','2022-08-29 21:30:21',NULL,NULL,NULL),(6970130547238502400,'diSWj','whiteostrich342',NULL,'07D0094ABCF0481B89E808E216AE5E20',NULL,0,NULL,NULL,NULL,'2022-08-29 21:30:21','2022-08-29 21:30:21','2022-08-29 21:30:21',NULL,NULL,NULL),(6970130547251085312,'ffYW5','redfish833',NULL,'CE4EF8E8B8494F6CB6D99A5D6B49390B',NULL,0,NULL,NULL,NULL,'2022-08-29 21:30:21','2022-08-29 21:30:21','2022-08-29 21:30:21',NULL,NULL,NULL),(6970130547263668224,'niFfd','organictiger721',NULL,'D6FFDBAD117047E6A0F881F393142FE9',NULL,0,NULL,NULL,NULL,'2022-08-29 21:30:21','2022-08-29 21:30:21','2022-08-29 21:30:21',NULL,NULL,NULL),(6970130547272056832,'YZv8H','brownduck250',NULL,'7C6153D8804E41E3A7722BB7E1B9108F',NULL,0,NULL,NULL,NULL,'2022-08-29 21:30:21','2022-08-29 21:30:21','2022-08-29 21:30:21',NULL,NULL,NULL),(6970130547284639744,'C0zc8','redfrog556',NULL,'E509E998E38F4A55AC0DB596A89F6030',NULL,0,NULL,NULL,NULL,'2022-08-29 21:30:21','2022-08-29 21:30:21','2022-08-29 21:30:21',NULL,NULL,NULL),(6970130547297222656,'x2KZ2','ticklishfish813',NULL,'85AB6D83234340578FF6F163EC9D8C38',NULL,0,NULL,NULL,NULL,'2022-08-29 21:30:21','2022-08-29 21:30:21','2022-08-29 21:30:21',NULL,NULL,NULL),(6970130547309805568,'kLFfl','ticklishfrog180',NULL,'0F2C92E853234972B7056F866D8560F8',NULL,0,NULL,NULL,NULL,'2022-08-29 21:30:21','2022-08-29 21:30:21','2022-08-29 21:30:21',NULL,NULL,NULL),(6970130547322388480,'W9RIM','purplesnake503',NULL,'D09F1820DF79484999FDB9CC18113CA8',NULL,0,NULL,NULL,NULL,'2022-08-29 21:30:21','2022-08-29 21:30:21','2022-08-29 21:30:21',NULL,NULL,NULL),(6970130547334971392,'2VssM','yellowkoala267',NULL,'5CA259A52E914465BC09874DF96AAB0C',NULL,0,NULL,NULL,NULL,'2022-08-29 21:30:21','2022-08-29 21:30:21','2022-08-29 21:30:21',NULL,NULL,NULL),(6970130547347554304,'pd6bj','purplebear225',NULL,'06D34043ABD14B87A3A3948EBFC1F973',NULL,0,NULL,NULL,NULL,'2022-08-29 21:30:21','2022-08-29 21:30:21','2022-08-29 21:30:21',NULL,NULL,NULL),(6970130547360137216,'w3EJV','ticklishrabbit361',NULL,'ECB182EE65C14257B75E9313BF621A61',NULL,0,NULL,NULL,NULL,'2022-08-29 21:30:21','2022-08-29 21:30:21','2022-08-29 21:30:21',NULL,NULL,NULL),(6970130547372720128,'S9Hp6','heavymeercat516',NULL,'DEF3160D79174E22A6A7BBE950357E2F',NULL,0,NULL,NULL,NULL,'2022-08-29 21:30:21','2022-08-29 21:30:21','2022-08-29 21:30:21',NULL,NULL,NULL),(6970130547385303040,'ztHdu','brownmeercat168',NULL,'D7BF7E7B684F4218B0BF5CA168742157',NULL,0,NULL,NULL,NULL,'2022-08-29 21:30:21','2022-08-29 21:30:21','2022-08-29 21:30:21',NULL,NULL,NULL),(6970130547397885952,'msfPv','redbear154',NULL,'6BBDB999931047ECA80232A218E5D258',NULL,0,NULL,NULL,NULL,'2022-08-29 21:30:21','2022-08-29 21:30:21','2022-08-29 21:30:21',NULL,NULL,NULL),(6970130547410468864,'i6bPY','heavyfish951',NULL,'633F39A974364859858EDD0EC9C2D4C3',NULL,0,NULL,NULL,NULL,'2022-08-29 21:30:21','2022-08-29 21:30:21','2022-08-29 21:30:21',NULL,NULL,NULL),(6970130547423051776,'3WI67','brownostrich745',NULL,'BB74314D835544D9B74FFA33F5887717',NULL,0,NULL,NULL,NULL,'2022-08-29 21:30:21','2022-08-29 21:30:21','2022-08-29 21:30:21',NULL,NULL,NULL),(6970130547435634688,'6Ofny','blackbird279',NULL,'3CE363D327FE4C3C898ECD349AC08510',NULL,0,NULL,NULL,NULL,'2022-08-29 21:30:21','2022-08-29 21:30:21','2022-08-29 21:30:21',NULL,NULL,NULL),(6970130547456606208,'elc2o','heavygoose114',NULL,'3D31E0323B7740479BC219BF8F0A5236',NULL,0,NULL,NULL,NULL,'2022-08-29 21:30:21','2022-08-29 21:30:21','2022-08-29 21:30:21',NULL,NULL,NULL),(6970130547464994816,'JwZ6E','redlion952',NULL,'3379B3D350BD45318FC04A17763116E6',NULL,0,NULL,NULL,NULL,'2022-08-29 21:30:21','2022-08-29 21:30:21','2022-08-29 21:30:21',NULL,NULL,NULL),(6970130547477577728,'m3Jua','orangemouse723',NULL,'E1CC268422334BBAA29C0DCCC62F97BB',NULL,0,NULL,NULL,NULL,'2022-08-29 21:30:21','2022-08-29 21:30:21','2022-08-29 21:30:21',NULL,NULL,NULL),(6970130547490160640,'qiQ2v','browngoose143',NULL,'3E630DE839E34EB2A56B4F6F83E7363C',NULL,0,NULL,NULL,NULL,'2022-08-29 21:30:21','2022-08-29 21:30:21','2022-08-29 21:30:21',NULL,NULL,NULL),(6970130547502743552,'qN835','bigpeacock217',NULL,'02CE9656DDC848FC96398420DEBACDF5',NULL,0,NULL,NULL,NULL,'2022-08-29 21:30:21','2022-08-29 21:30:21','2022-08-29 21:30:21',NULL,NULL,NULL),(6970130547519520768,'NYqLL','beautifulbutterfly247',NULL,'A877B3B6A0C548E3AB9C807BCCD9393B',NULL,0,NULL,NULL,NULL,'2022-08-29 21:30:21','2022-08-29 21:30:21','2022-08-29 21:30:21',NULL,NULL,NULL),(6970130547532103680,'R9Prv','redelephant795',NULL,'A003EEA285DB4D50ABD80F0196DDF11F',NULL,0,NULL,NULL,NULL,'2022-08-29 21:30:21','2022-08-29 21:30:21','2022-08-29 21:30:21',NULL,NULL,NULL),(6970130547544686592,'1273k','organicfrog467',NULL,'78121060942A4AAC88B822BD34EE9807',NULL,0,NULL,NULL,NULL,'2022-08-29 21:30:21','2022-08-29 21:30:21','2022-08-29 21:30:21',NULL,NULL,NULL),(6970130547561463808,'oLNvI','bigtiger239',NULL,'B5AE4FF4CB674A24B657D51A995A4458',NULL,0,NULL,NULL,NULL,'2022-08-29 21:30:21','2022-08-29 21:30:21','2022-08-29 21:30:21',NULL,NULL,NULL),(6970130547569852416,'1aLkq','purpleleopard272',NULL,'C9C82CC2156A464894E18B2FA244CFDC',NULL,0,NULL,NULL,NULL,'2022-08-29 21:30:21','2022-08-29 21:30:21','2022-08-29 21:30:21',NULL,NULL,NULL),(6970130547582435328,'dLEhQ','purplewolf989',NULL,'FFF9836456654D2082F13647CBED52A8',NULL,0,NULL,NULL,NULL,'2022-08-29 21:30:21','2022-08-29 21:30:21','2022-08-29 21:30:21',NULL,NULL,NULL),(6970130547599212544,'WSTd1','organickoala820',NULL,'D6BC016C93FA497F88254E82F1782C68',NULL,0,NULL,NULL,NULL,'2022-08-29 21:30:21','2022-08-29 21:30:21','2022-08-29 21:30:21',NULL,NULL,NULL),(6970130547620184064,'0ueSK','orangepanda797',NULL,'9A8262BAC5DE490DB553FD00FC638E02',NULL,0,NULL,NULL,NULL,'2022-08-29 21:30:21','2022-08-29 21:30:21','2022-08-29 21:30:21',NULL,NULL,NULL),(6970130547632766976,'hvCmH','goldenfish109',NULL,'DFD9928830244D958B8F67B69ACFD29C',NULL,0,NULL,NULL,NULL,'2022-08-29 21:30:21','2022-08-29 21:30:21','2022-08-29 21:30:21',NULL,NULL,NULL),(6970130547645349888,'NQ7cR','blueswan165',NULL,'0C87C71FD3D84697BEDC33FB6122A58C',NULL,0,NULL,NULL,NULL,'2022-08-29 21:30:21','2022-08-29 21:30:21','2022-08-29 21:30:21',NULL,NULL,NULL),(6970130547657932800,'qJ7pV','crazycat938',NULL,'459BBA18E79D44CD91C7B52434354CDB',NULL,0,NULL,NULL,NULL,'2022-08-29 21:30:21','2022-08-29 21:30:21','2022-08-29 21:30:21',NULL,NULL,NULL),(6970130547678904320,'to2yx','bluebear787',NULL,'B2300CAE0960470CB9FF54AF99BCB1BE',NULL,0,NULL,NULL,NULL,'2022-08-29 21:30:21','2022-08-29 21:30:21','2022-08-29 21:30:21',NULL,NULL,NULL),(6970130547687292928,'pUV74','blueelephant373',NULL,'BBFEBC8FB2284187BCF5C7D776A00463',NULL,0,NULL,NULL,NULL,'2022-08-29 21:30:21','2022-08-29 21:30:21','2022-08-29 21:30:21',NULL,NULL,NULL),(6970130547699875840,'HFOe4','heavywolf560',NULL,'AE63A430AE5D4CCE8ACAEB4F059004EC',NULL,0,NULL,NULL,NULL,'2022-08-29 21:30:21','2022-08-29 21:30:21','2022-08-29 21:30:21',NULL,NULL,NULL),(6970130547708264448,'cGCQJ','smallleopard973',NULL,'A363BC457E504952AECA25F22DCA543E',NULL,0,NULL,NULL,NULL,'2022-08-29 21:30:21','2022-08-29 21:30:21','2022-08-29 21:30:21',NULL,NULL,NULL),(6970130547720847360,'gDpPX','biglion964',NULL,'118C643FDE8448E8AE345C3EC4985C73',NULL,0,NULL,NULL,NULL,'2022-08-29 21:30:21','2022-08-29 21:30:21','2022-08-29 21:30:21',NULL,NULL,NULL),(6970130547729235968,'cNF02','goldenbutterfly133',NULL,'90B823E349824A88BF2136AD2696DF54',NULL,0,NULL,NULL,NULL,'2022-08-29 21:30:21','2022-08-29 21:30:21','2022-08-29 21:30:21',NULL,NULL,NULL),(6970130547741818880,'3wkCs','bigsnake641',NULL,'8B71E6EE5DDB40C2B3B311E4C6DDB008',NULL,0,NULL,NULL,NULL,'2022-08-29 21:30:21','2022-08-29 21:30:21','2022-08-29 21:30:21',NULL,NULL,NULL),(6970130547754401792,'AjLTM','silverfrog877',NULL,'472808E8CD794D2986575C35C0DEC1FD',NULL,0,NULL,NULL,NULL,'2022-08-29 21:30:21','2022-08-29 21:30:21','2022-08-29 21:30:21',NULL,NULL,NULL),(6970130547766984704,'uW8V7','heavyrabbit592',NULL,'EA3FEA3579B145F493E31AC6332DB742',NULL,0,NULL,NULL,NULL,'2022-08-29 21:30:21','2022-08-29 21:30:21','2022-08-29 21:30:21',NULL,NULL,NULL),(6970130547783761920,'IOvrs','brownrabbit758',NULL,'2CA0A6A7229B4415A9BAD97B3E416987',NULL,0,NULL,NULL,NULL,'2022-08-29 21:30:21','2022-08-29 21:30:21','2022-08-29 21:30:21',NULL,NULL,NULL),(6970130547804733440,'NELFP','heavybird362',NULL,'CF6A40954BA5444997AB1BB53CCD9BEF',NULL,0,NULL,NULL,NULL,'2022-08-29 21:30:21','2022-08-29 21:30:21','2022-08-29 21:30:21',NULL,NULL,NULL),(6970130547821510656,'Ud3rD','tinytiger768',NULL,'7AF474311FFC40F09D20DED365DB9961',NULL,0,NULL,NULL,NULL,'2022-08-29 21:30:21','2022-08-29 21:30:21','2022-08-29 21:30:21',NULL,NULL,NULL),(6970130547834093568,'Qngrk','smallfrog806',NULL,'D663794F69C44ABAB3E428DCD77073D7',NULL,0,NULL,NULL,NULL,'2022-08-29 21:30:21','2022-08-29 21:30:21','2022-08-29 21:30:21',NULL,NULL,NULL),(6970130547850870784,'6FZlJ','bigcat536',NULL,'7B54F9C574A14F1394F351520000CF76',NULL,0,NULL,NULL,NULL,'2022-08-29 21:30:21','2022-08-29 21:30:21','2022-08-29 21:30:21',NULL,NULL,NULL),(6970130547867648000,'mWKVS','tinyfish934',NULL,'0F6449EBF93A427AB9C43791728C059F',NULL,0,NULL,NULL,NULL,'2022-08-29 21:30:21','2022-08-29 21:30:21','2022-08-29 21:30:21',NULL,NULL,NULL),(6970130547884425216,'JOJiN','ticklishduck355',NULL,'D0F30EA0A00249EF9223387FAB9D3017',NULL,0,NULL,NULL,NULL,'2022-08-29 21:30:21','2022-08-29 21:30:21','2022-08-29 21:30:21',NULL,NULL,NULL),(6970130547897008128,'UPzVH','purplelion119',NULL,'69B9B9E777684288BDA31ED7AC46098E',NULL,0,NULL,NULL,NULL,'2022-08-29 21:30:21','2022-08-29 21:30:21','2022-08-29 21:30:21',NULL,NULL,NULL),(6970130547913785344,'2bONF','bigelephant213',NULL,'18D66A9D2E77411881FEAFB5223E2B49',NULL,0,NULL,NULL,NULL,'2022-08-29 21:30:21','2022-08-29 21:30:21','2022-08-29 21:30:21',NULL,NULL,NULL),(6970130547926368256,'7DOys','greenswan233',NULL,'69AF4E3160E14098BE4B6C761B3C6AD0',NULL,0,NULL,NULL,NULL,'2022-08-29 21:30:21','2022-08-29 21:30:21','2022-08-29 21:30:21',NULL,NULL,NULL),(6970130547943145472,'9T1H3','bluebird274',NULL,'F489F9482B9A492CA53BC7F9337F2468',NULL,0,NULL,NULL,NULL,'2022-08-29 21:30:21','2022-08-29 21:30:21','2022-08-29 21:30:21',NULL,NULL,NULL),(6970130547955728384,'etY9L','orangelion300',NULL,'A4F1595C972F42BABA2AF7BA67230FE5',NULL,0,NULL,NULL,NULL,'2022-08-29 21:30:21','2022-08-29 21:30:21','2022-08-29 21:30:21',NULL,NULL,NULL),(6970130547968311296,'AUWDI','purplebear893',NULL,'15CED777DD994B859A1292E6EFF00298',NULL,0,NULL,NULL,NULL,'2022-08-29 21:30:21','2022-08-29 21:30:21','2022-08-29 21:30:21',NULL,NULL,NULL),(6970130547976699904,'9Wzuu','crazyladybug545',NULL,'79D52B6C174A40A5A12C141154C24468',NULL,0,NULL,NULL,NULL,'2022-08-29 21:30:21','2022-08-29 21:30:21','2022-08-29 21:30:21',NULL,NULL,NULL),(6970130547989282816,'57oeU','smallduck339',NULL,'1CF94A43B90947B9A786F34E3C26F03A',NULL,0,NULL,NULL,NULL,'2022-08-29 21:30:21','2022-08-29 21:30:21','2022-08-29 21:30:21',NULL,NULL,NULL),(6970130548001865728,'GFVI4','smallgorilla954',NULL,'62878614E7D1409893E6E2BB6FFC7A70',NULL,0,NULL,NULL,NULL,'2022-08-29 21:30:21','2022-08-29 21:30:21','2022-08-29 21:30:21',NULL,NULL,NULL),(6970130548014448640,'WRhhQ','crazyfish482',NULL,'61AE059E713944B19D6D4D38C6E31853',NULL,0,NULL,NULL,NULL,'2022-08-29 21:30:21','2022-08-29 21:30:21','2022-08-29 21:30:21',NULL,NULL,NULL),(6970130548031225856,'uey9P','tinymouse476',NULL,'8DAFBAEEA8A94E93A52D96B0018B0A92',NULL,0,NULL,NULL,NULL,'2022-08-29 21:30:21','2022-08-29 21:30:21','2022-08-29 21:30:21',NULL,NULL,NULL),(6970130548039614464,'APRI4','whitefish483',NULL,'2307E351DF5C4C1FB37E43CB7D4AD4E8',NULL,0,NULL,NULL,NULL,'2022-08-29 21:30:21','2022-08-29 21:30:21','2022-08-29 21:30:21',NULL,NULL,NULL),(6970130548056391680,'32hgN','smallduck854',NULL,'36EAF202514948FDA481C3479E386CB7',NULL,0,NULL,NULL,NULL,'2022-08-29 21:30:21','2022-08-29 21:30:21','2022-08-29 21:30:21',NULL,NULL,NULL),(6970130548064780288,'Px6RZ','beautifullion345',NULL,'2A75FBC0810B4286A579F66279CC4C36',NULL,0,NULL,NULL,NULL,'2022-08-29 21:30:21','2022-08-29 21:30:21','2022-08-29 21:30:21',NULL,NULL,NULL),(6970130548077363200,'E2sfj','silverostrich141',NULL,'00DAC52F54E249B09A9E7ACCAB0DB684',NULL,0,NULL,NULL,NULL,'2022-08-29 21:30:21','2022-08-29 21:30:21','2022-08-29 21:30:21',NULL,NULL,NULL),(6970130548094140416,'zXyvL','goldentiger886',NULL,'E42F390C222B419595DF4EAB6265EEB0',NULL,0,NULL,NULL,NULL,'2022-08-29 21:30:21','2022-08-29 21:30:21','2022-08-29 21:30:21',NULL,NULL,NULL),(6970130548102529024,'URqPv','yellowladybug664',NULL,'183C1A540A234562AA8945F8474E1BA3',NULL,0,NULL,NULL,NULL,'2022-08-29 21:30:21','2022-08-29 21:30:21','2022-08-29 21:30:21',NULL,NULL,NULL),(6970130548115111936,'JtN2E','lazyleopard999',NULL,'BB350AEAF2AB41E4890AFB873B646D7E',NULL,0,NULL,NULL,NULL,'2022-08-29 21:30:21','2022-08-29 21:30:21','2022-08-29 21:30:21',NULL,NULL,NULL),(6970130548131889152,'3fxuC','goldenwolf287',NULL,'93856C12EF18483A89E8F0229827F88C',NULL,0,NULL,NULL,NULL,'2022-08-29 21:30:21','2022-08-29 21:30:21','2022-08-29 21:30:21',NULL,NULL,NULL),(6970130548144472064,'BTXzA','purpletiger354',NULL,'FF88D19D6DC743DBA29E0C083B1EAF85',NULL,0,NULL,NULL,NULL,'2022-08-29 21:30:21','2022-08-29 21:30:21','2022-08-29 21:30:21',NULL,NULL,NULL),(6970130548157054976,'mclrY','silversnake816',NULL,'EAC08CA4B1DB4DE1BDB1F7A4857785F9',NULL,0,NULL,NULL,NULL,'2022-08-29 21:30:21','2022-08-29 21:30:21','2022-08-29 21:30:21',NULL,NULL,NULL),(6970130548169637888,'fHh2P','bluegorilla239',NULL,'17B87B0116C04A2AB01A03A2272895C0',NULL,0,NULL,NULL,NULL,'2022-08-29 21:30:21','2022-08-29 21:30:21','2022-08-29 21:30:21',NULL,NULL,NULL),(6970130548182220800,'1ERvq','purplebear824',NULL,'9801911EFF3D42B5AF728816F98AD709',NULL,0,NULL,NULL,NULL,'2022-08-29 21:30:21','2022-08-29 21:30:21','2022-08-29 21:30:21',NULL,NULL,NULL),(6970130548194803712,'8wWdV','blackpeacock624',NULL,'A02723E464D44655A945C2C2FA8AC971',NULL,0,NULL,NULL,NULL,'2022-08-29 21:30:21','2022-08-29 21:30:21','2022-08-29 21:30:21',NULL,NULL,NULL),(6970130548207386624,'8Bq8f','redrabbit322',NULL,'1BDCEB6E3F0F4EF18970F90C3D32F858',NULL,0,NULL,NULL,NULL,'2022-08-29 21:30:21','2022-08-29 21:30:21','2022-08-29 21:30:21',NULL,NULL,NULL),(6970130548219969536,'e2lnM','brownlion891',NULL,'1EE36B9B946E4F0985490CDCE2A515E0',NULL,0,NULL,NULL,NULL,'2022-08-29 21:30:21','2022-08-29 21:30:21','2022-08-29 21:30:21',NULL,NULL,NULL),(6970130548232552448,'LwxGt','whiteswan766',NULL,'B4EBE0DA0B7E4CCCB9A9F4655877F623',NULL,0,NULL,NULL,NULL,'2022-08-29 21:30:21','2022-08-29 21:30:21','2022-08-29 21:30:21',NULL,NULL,NULL),(6970130548245135360,'g4bZs','ticklishlion559',NULL,'3AA618D05144447E9EECA9CEAB2BFD7F',NULL,0,NULL,NULL,NULL,'2022-08-29 21:30:21','2022-08-29 21:30:21','2022-08-29 21:30:21',NULL,NULL,NULL),(6970130548261912576,'3Onu6','blackgorilla346',NULL,'9BA14531AFA84F87BCA03695D8D16178',NULL,0,NULL,NULL,NULL,'2022-08-29 21:30:21','2022-08-29 21:30:21','2022-08-29 21:30:21',NULL,NULL,NULL),(6970130548274495488,'8AQ65','orangetiger943',NULL,'B1566FBDD66445F3AAF10BFF6E008AF0',NULL,0,NULL,NULL,NULL,'2022-08-29 21:30:21','2022-08-29 21:30:21','2022-08-29 21:30:21',NULL,NULL,NULL),(6970130548287078400,'wQhkO','bigwolf469',NULL,'2533D9E3D71D49E38504D31EB16837D1',NULL,0,NULL,NULL,NULL,'2022-08-29 21:30:21','2022-08-29 21:30:21','2022-08-29 21:30:21',NULL,NULL,NULL),(6970130548299661312,'K7RRP','tinyswan868',NULL,'F06D1FF647EB48B9A2B9A2D296E468CD',NULL,0,NULL,NULL,NULL,'2022-08-29 21:30:21','2022-08-29 21:30:21','2022-08-29 21:30:21',NULL,NULL,NULL),(6970130548312244224,'YVJqM','blacksnake288',NULL,'0AB06A3D792E42E5B061C3106A6136A5',NULL,0,NULL,NULL,NULL,'2022-08-29 21:30:21','2022-08-29 21:30:21','2022-08-29 21:30:21',NULL,NULL,NULL),(6970130548324827136,'7Qphh','heavybutterfly840',NULL,'4959A7CCF31F487C87043E7C958E5466',NULL,0,NULL,NULL,NULL,'2022-08-29 21:30:21','2022-08-29 21:30:21','2022-08-29 21:30:21',NULL,NULL,NULL),(6970130548337410048,'JTesZ','bluegorilla991',NULL,'9A51CB06F35546949A8092EC1C4FCAF7',NULL,0,NULL,NULL,NULL,'2022-08-29 21:30:21','2022-08-29 21:30:21','2022-08-29 21:30:21',NULL,NULL,NULL),(6970130548349992960,'vBvtE','crazypeacock394',NULL,'264DC3CA74D04F7FAB898993EE6C0FAF',NULL,0,NULL,NULL,NULL,'2022-08-29 21:30:21','2022-08-29 21:30:21','2022-08-29 21:30:21',NULL,NULL,NULL),(6970130548362575872,'M9Fr7','whitefrog218',NULL,'01D1C04D3D524591A1273495193D1C56',NULL,0,NULL,NULL,NULL,'2022-08-29 21:30:21','2022-08-29 21:30:21','2022-08-29 21:30:21',NULL,NULL,NULL),(6970130548375158784,'1yTdW','purplepeacock730',NULL,'19BE5CEA9C644FE98E8EC75A260E85C6',NULL,0,NULL,NULL,NULL,'2022-08-29 21:30:21','2022-08-29 21:30:21','2022-08-29 21:30:21',NULL,NULL,NULL),(6970130548391936000,'bUnjt','heavyladybug601',NULL,'90C9CE00A4D9447EB75862B7B4AD6208',NULL,0,NULL,NULL,NULL,'2022-08-29 21:30:21','2022-08-29 21:30:21','2022-08-29 21:30:21',NULL,NULL,NULL),(6970130548400324608,'v71yc','silverleopard819',NULL,'EF30423EBCF64DA0BBD6437A8E1852E2',NULL,0,NULL,NULL,NULL,'2022-08-29 21:30:21','2022-08-29 21:30:21','2022-08-29 21:30:21',NULL,NULL,NULL),(6970130548412907520,'kFwd3','smallsnake648',NULL,'01FE09FB83C54095B2B4525D75D6EA5E',NULL,0,NULL,NULL,NULL,'2022-08-29 21:30:21','2022-08-29 21:30:21','2022-08-29 21:30:21',NULL,NULL,NULL),(6970130548425490432,'CUIva','greenelephant861',NULL,'4D8DF0660CA54B5CBE70B868DBE3E8E4',NULL,0,NULL,NULL,NULL,'2022-08-29 21:30:21','2022-08-29 21:30:21','2022-08-29 21:30:21',NULL,NULL,NULL);
/*!40000 ALTER TABLE `person` ENABLE KEYS */;
UNLOCK TABLES;

--
-- Table structure for table `person_rank`
--

DROP TABLE IF EXISTS `person_rank`;
/*!40101 SET @saved_cs_client     = @@character_set_client */;
/*!50503 SET character_set_client = utf8mb4 */;
CREATE TABLE `person_rank` (
  `shortid` varchar(32) NOT NULL,
  `game_slug` varchar(32) NOT NULL,
  `season` int NOT NULL DEFAULT '0',
  `rating` int NOT NULL DEFAULT '2500',
  `mu` double NOT NULL DEFAULT '25',
  `sigma` double NOT NULL DEFAULT '5',
  `win` int NOT NULL DEFAULT '0',
  `loss` int NOT NULL DEFAULT '0',
  `tie` int NOT NULL DEFAULT '0',
  `played` int NOT NULL DEFAULT '1',
  `highscore` int NOT NULL DEFAULT '0',
  `tsupdate` datetime NOT NULL,
  `tsinsert` datetime NOT NULL,
  PRIMARY KEY (`shortid`,`game_slug`,`season`),
  KEY `game_slug_index` (`game_slug`),
  KEY `shortid_index` (`shortid`),
  KEY `sorted_index` (`rating` DESC),
  KEY `gameuserseason_index` (`shortid`,`game_slug`,`season`)
) ENGINE=InnoDB DEFAULT CHARSET=utf8;
/*!40101 SET character_set_client = @saved_cs_client */;

--
-- Dumping data for table `person_rank`
--

LOCK TABLES `person_rank` WRITE;
/*!40000 ALTER TABLE `person_rank` DISABLE KEYS */;
INSERT INTO `person_rank` VALUES ('04x3u','test-4',0,2500,25,5,0,0,0,0,0,'2022-08-29 22:03:18','2022-08-29 22:03:18'),('0ueSK','test-4',0,2500,25,5,0,0,0,0,0,'2022-08-29 22:03:19','2022-08-29 22:03:19'),('1273k','test-4',0,2500,25,5,0,0,0,0,0,'2022-08-29 22:03:18','2022-08-29 22:03:18'),('1aLkq','test-4',0,2500,25,5,0,0,0,0,0,'2022-08-29 22:03:18','2022-08-29 22:03:18'),('1cJGW','test-4',0,2500,25,5,0,0,0,0,0,'2022-08-29 22:03:18','2022-08-29 22:03:18'),('1ERvq','test-4',0,2500,25,5,0,0,0,0,0,'2022-08-29 22:03:18','2022-08-29 22:03:18'),('1Se6L','test-game-1',0,2500,25,5,0,0,0,0,0,'2022-01-14 22:53:38','2022-01-14 22:53:38'),('1wwwq','test-4',0,2500,25,5,0,0,0,0,0,'2022-08-29 22:03:18','2022-08-29 22:03:18'),('1yTdW','test-4',0,2500,25,5,0,0,0,0,0,'2022-08-29 22:03:18','2022-08-29 22:03:18'),('2bONF','test-4',0,2500,25,5,0,0,0,0,0,'2022-08-29 22:02:31','2022-08-29 22:02:31'),('2Df6E','test-4',0,2500,25,5,0,0,0,0,0,'2022-08-20 04:32:32','2022-08-20 04:32:32'),('2Df6E','test-game-3',0,2500,25,5,0,0,0,1,3,'2022-08-20 04:31:01','2022-08-20 04:31:01'),('2LzEY','test-4',0,2500,25,5,0,0,0,0,0,'2022-08-29 22:03:18','2022-08-29 22:03:18'),('2Ruu7','test-4',0,2500,25,5,0,0,0,0,0,'2022-08-29 22:03:18','2022-08-29 22:03:18'),('2VssM','test-4',0,2500,25,5,0,0,0,0,0,'2022-08-29 22:06:52','2022-08-29 22:06:52'),('2wKar','test-4',0,2500,25,5,0,0,0,0,0,'2022-08-29 22:02:31','2022-08-29 22:02:31'),('2Zj9p','test-4',0,2500,25,5,0,0,0,0,0,'2022-08-29 22:06:52','2022-08-29 22:06:52'),('32dxo','test-4',0,2500,25,5,0,0,0,0,0,'2022-08-29 22:03:19','2022-08-29 22:03:19'),('32hgN','test-4',0,2500,25,5,0,0,0,0,0,'2022-08-29 22:03:18','2022-08-29 22:03:18'),('3cCuB','test-4',0,2500,25,5,0,0,0,0,0,'2022-08-29 22:03:19','2022-08-29 22:03:19'),('3fxuC','test-4',0,2500,25,5,0,0,0,0,0,'2022-08-29 22:03:18','2022-08-29 22:03:18'),('3Gwd6','test-game-1',0,2500,25,5,0,0,0,0,0,'2022-01-20 19:39:38','2022-01-20 19:39:38'),('3KyXd','test-game-1',0,2500,25,5,0,0,0,0,0,'2022-01-14 22:46:30','2022-01-14 22:46:30'),('3Onu6','test-4',0,2500,25,5,0,0,0,0,0,'2022-08-29 22:03:18','2022-08-29 22:03:18'),('3WI67','test-4',0,2500,25,5,0,0,0,0,0,'2022-08-29 22:03:18','2022-08-29 22:03:18'),('3wkCs','test-4',0,2500,25,5,0,0,0,0,0,'2022-08-29 22:03:18','2022-08-29 22:03:18'),('42hgK','test-4',0,2500,25,5,0,0,0,0,0,'2022-08-29 22:02:31','2022-08-29 22:02:31'),('4bq2r','test-game-1',0,2500,25,5,0,0,0,0,0,'2022-01-14 22:35:44','2022-01-14 22:35:44'),('4rU91','test-4',0,2500,25,5,0,0,0,0,0,'2022-08-29 22:03:18','2022-08-29 22:03:18'),('4uA5x','test-4',0,2500,25,5,0,0,0,0,0,'2022-08-29 22:03:19','2022-08-29 22:03:19'),('57oeU','test-4',0,2500,25,5,0,0,0,0,0,'2022-08-29 22:03:18','2022-08-29 22:03:18'),('5iv0e','test-game-3',0,2500,25,5,0,0,0,3,4,'2022-08-27 06:48:24','2022-08-27 06:47:00'),('5sIEZ','test-4',0,2500,25,5,0,0,0,0,0,'2022-08-29 22:03:18','2022-08-29 22:03:18'),('6bxgG','test-4',0,2500,25,5,0,0,0,0,0,'2022-08-29 22:06:51','2022-08-29 22:06:51'),('6FZlJ','test-4',0,2500,25,5,0,0,0,0,0,'2022-08-29 22:07:48','2022-08-29 22:07:48'),('6Ofny','test-4',0,2500,25,5,0,0,0,0,0,'2022-08-29 22:03:18','2022-08-29 22:03:18'),('6oSrG','test-4',0,2500,25,5,0,0,0,0,0,'2022-08-29 22:03:19','2022-08-29 22:03:19'),('7DOys','test-4',0,2500,25,5,0,0,0,0,0,'2022-08-29 22:06:51','2022-08-29 22:06:51'),('7lFeC','test-4',0,2500,25,5,0,0,0,0,0,'2022-08-29 22:03:19','2022-08-29 22:03:19'),('7ln6t','test-4',0,2500,25,5,0,0,0,0,0,'2022-08-29 22:06:51','2022-08-29 22:06:51'),('7odLf','test-4',0,2500,25,5,0,0,0,0,0,'2022-08-29 22:02:31','2022-08-29 22:02:31'),('7Qphh','test-4',0,2500,25,5,0,0,0,0,0,'2022-08-29 22:03:19','2022-08-29 22:03:19'),('8AQ65','test-4',0,2500,25,5,0,0,0,0,0,'2022-08-29 22:03:18','2022-08-29 22:03:18'),('8Bq8f','test-4',0,2500,25,5,0,0,0,0,0,'2022-08-29 22:07:09','2022-08-29 22:07:09'),('8CCkf','test-4',0,2546,25.458289308273685,3.2809612414391554,13,16,1,4,0,'2022-03-12 02:23:19','2022-01-10 22:31:11'),('8CCkf','test-game-1',0,2372,23.718753021813423,2.383585238224514,35,39,0,4,0,'2022-04-01 05:22:47','2022-01-14 19:59:11'),('8CCkf','test-game-2',0,1066,10.662011780167468,1.4970544453306465,3,1,0,4,0,'2022-03-12 02:23:54','2021-12-18 03:16:24'),('8CCkf','test-game-3',0,2500,25,5,0,0,2,663,16,'2022-08-26 21:15:25','2022-03-25 16:50:01'),('8CCkf','tictactoe',0,2923,29.23205772836644,1.0080436750149568,150,167,4,47,0,'2022-01-12 23:41:03','2021-11-23 05:21:27'),('8CCkf','trivia',0,3165,31.654893117824745,1.499609826419464,0,1,0,1,0,'2022-01-11 00:51:02','2021-12-18 03:00:41'),('8e6cX','test-4',0,2500,25,5,0,0,0,0,0,'2022-08-29 22:07:09','2022-08-29 22:07:09'),('8JyO7','test-4',0,2500,25,5,0,0,0,0,0,'2022-08-29 22:06:51','2022-08-29 22:06:51'),('8wWdV','test-4',0,2500,25,5,0,0,0,0,0,'2022-08-29 22:02:31','2022-08-29 22:02:31'),('8y4MW','test-4',0,2500,25,5,0,0,0,0,0,'2022-08-29 22:03:19','2022-08-29 22:03:19'),('9T1H3','test-4',0,2500,25,5,0,0,0,0,0,'2022-08-29 22:03:18','2022-08-29 22:03:18'),('9Wzuu','test-4',0,2500,25,5,0,0,0,0,0,'2022-08-29 22:03:18','2022-08-29 22:03:18'),('a5rAp','test-4',0,2500,25,5,0,0,0,0,0,'2022-08-29 22:03:19','2022-08-29 22:03:19'),('aCukO','test-4',0,2500,25,5,0,0,0,0,0,'2022-08-29 22:03:18','2022-08-29 22:03:18'),('aFxXj','test-4',0,2500,25,5,0,0,0,0,0,'2022-08-29 22:03:18','2022-08-29 22:03:18'),('AjLTM','test-4',0,2500,25,5,0,0,0,0,0,'2022-08-29 22:03:18','2022-08-29 22:03:18'),('aMnCM','test-game-1',0,2646,26.461225265190524,4.860013687505592,1,0,0,1,0,'2022-02-06 05:50:57','2022-02-06 05:50:46'),('APRI4','test-4',0,2500,25,5,0,0,0,0,0,'2022-08-29 22:02:31','2022-08-29 22:02:31'),('Ar1Dv','test-4',0,2500,25,5,0,0,0,0,0,'2022-08-29 22:03:18','2022-08-29 22:03:18'),('AUWDI','test-4',0,2500,25,5,0,0,0,0,0,'2022-08-29 22:03:18','2022-08-29 22:03:18'),('aWUAQ','test-4',0,2500,25,5,0,0,0,0,0,'2022-08-29 22:03:19','2022-08-29 22:03:19'),('B2HA3','test-4',0,2500,25,5,0,0,0,0,0,'2022-08-29 22:03:18','2022-08-29 22:03:18'),('BLQH8','test-4',0,2500,25,5,0,0,0,0,0,'2022-08-29 22:06:51','2022-08-29 22:06:51'),('BtEqR','test-4',0,2500,25,5,0,0,0,0,0,'2022-08-29 22:06:52','2022-08-29 22:06:52'),('BTXzA','test-4',0,2500,25,5,0,0,0,0,0,'2022-08-29 22:03:18','2022-08-29 22:03:18'),('bUnjt','test-4',0,2500,25,5,0,0,0,0,0,'2022-08-29 22:03:18','2022-08-29 22:03:18'),('C0zc8','test-4',0,2500,25,5,0,0,0,0,0,'2022-08-29 22:03:18','2022-08-29 22:03:18'),('c1jRP','test-4',0,2500,25,5,0,0,0,0,0,'2022-08-29 22:06:51','2022-08-29 22:06:51'),('c1vCa','test-game-3',0,2500,25,5,0,0,0,1,3,'2022-08-20 03:36:10','2022-08-20 03:36:10'),('cGCQJ','test-4',0,2500,25,5,0,0,0,0,0,'2022-08-29 22:03:18','2022-08-29 22:03:18'),('cIbqw','test-4',0,2500,25,5,0,0,0,0,0,'2022-08-29 22:03:18','2022-08-29 22:03:18'),('cK4dg','test-4',0,2500,25,5,0,0,0,0,0,'2022-08-29 22:02:31','2022-08-29 22:02:31'),('cNF02','test-4',0,2500,25,5,0,0,0,0,0,'2022-08-29 22:06:52','2022-08-29 22:06:52'),('Cnn1U','test-4',0,2500,25,5,0,0,0,0,0,'2022-08-29 22:03:18','2022-08-29 22:03:18'),('CUIva','test-4',0,2500,25,5,0,0,0,0,0,'2022-08-29 22:03:18','2022-08-29 22:03:18'),('cZHqf','test-game-1',0,2500,25,5,0,0,0,0,0,'2022-01-15 03:04:56','2022-01-15 03:04:56'),('diSWj','test-4',0,2500,25,5,0,0,0,0,0,'2022-08-29 22:03:18','2022-08-29 22:03:18'),('dLEhQ','test-4',0,2500,25,5,0,0,0,0,0,'2022-08-29 22:03:18','2022-08-29 22:03:18'),('DN54f','test-4',0,2500,25,5,0,0,0,0,0,'2022-08-29 22:06:51','2022-08-29 22:06:51'),('DX5ZN','test-4',0,2500,25,5,0,0,0,0,0,'2022-08-29 22:03:18','2022-08-29 22:03:18'),('DZ5f3','test-4',0,2500,25,5,0,0,0,0,0,'2022-08-29 22:02:31','2022-08-29 22:02:31'),('e0tIR','test-4',0,2500,25,5,0,0,0,0,0,'2022-08-29 22:06:51','2022-08-29 22:06:51'),('e2lnM','test-4',0,2500,25,5,0,0,0,0,0,'2022-08-29 22:06:51','2022-08-29 22:06:51'),('E2sfj','test-4',0,2500,25,5,0,0,0,0,0,'2022-08-29 22:03:18','2022-08-29 22:03:18'),('eAnLX','test-4',0,2500,25,5,0,0,0,0,0,'2022-08-29 22:03:18','2022-08-29 22:03:18'),('EjqQw','test-4',0,2500,25,5,0,0,0,0,0,'2022-08-29 22:03:18','2022-08-29 22:03:18'),('elc2o','test-4',0,2500,25,5,0,0,0,0,0,'2022-08-29 22:06:52','2022-08-29 22:06:52'),('eMVki','test-4',0,2500,25,5,0,0,0,0,0,'2022-08-29 22:03:18','2022-08-29 22:03:18'),('etY9L','test-4',0,2500,25,5,0,0,0,0,0,'2022-08-29 22:02:31','2022-08-29 22:02:31'),('EzIDR','test-4',0,2500,25,5,0,0,0,0,0,'2022-08-29 22:06:52','2022-08-29 22:06:52'),('ffYW5','test-4',0,2500,25,5,0,0,0,0,0,'2022-08-29 22:03:18','2022-08-29 22:03:18'),('FGDlo','test-4',0,2500,25,5,0,0,0,0,0,'2022-08-29 22:03:18','2022-08-29 22:03:18'),('fHh2P','test-4',0,2500,25,5,0,0,0,0,0,'2022-08-29 22:03:18','2022-08-29 22:03:18'),('FKCcb','test-4',0,2500,25,5,0,0,0,0,0,'2022-08-29 22:03:18','2022-08-29 22:03:18'),('FMGVA','test-4',0,2500,25,5,0,0,0,0,0,'2022-08-29 22:03:18','2022-08-29 22:03:18'),('FpeA6','test-4',0,2500,25,5,0,0,0,0,0,'2022-08-29 22:06:52','2022-08-29 22:06:52'),('FSyv2','test-4',0,2500,25,5,0,0,0,0,0,'2022-08-29 22:03:19','2022-08-29 22:03:19'),('fXZ9A','test-4',0,2500,25,5,0,0,0,0,0,'2022-08-29 22:03:18','2022-08-29 22:03:18'),('g41sA','test-game-1',0,2500,25,5,0,0,0,0,0,'2022-01-14 22:34:42','2022-01-14 22:34:42'),('g4bZs','test-4',0,2500,25,5,0,0,0,0,0,'2022-08-29 22:03:18','2022-08-29 22:03:18'),('gDpPX','test-4',0,2500,25,5,0,0,0,0,0,'2022-08-29 22:06:52','2022-08-29 22:06:52'),('GFVI4','test-4',0,2500,25,5,0,0,0,0,0,'2022-08-29 22:03:18','2022-08-29 22:03:18'),('GlxJ6','test-4',0,2500,25,5,0,0,0,0,0,'2022-08-29 22:03:19','2022-08-29 22:03:19'),('gtkCn','test-4',0,2500,25,5,0,0,0,0,0,'2022-08-29 22:03:19','2022-08-29 22:03:19'),('gtTRC','test-4',0,2500,25,5,0,0,0,0,0,'2022-08-29 22:02:31','2022-08-29 22:02:31'),('HFOe4','test-4',0,2500,25,5,0,0,0,0,0,'2022-08-29 22:03:18','2022-08-29 22:03:18'),('hvCmH','test-4',0,2500,25,5,0,0,0,0,0,'2022-08-29 22:07:47','2022-08-29 22:07:47'),('HvMhH','test-game-1',0,2500,25,5,0,0,0,0,0,'2022-01-14 22:31:45','2022-01-14 22:31:45'),('HVXpp','test-4',0,2500,25,5,0,0,0,0,0,'2022-08-29 22:03:18','2022-08-29 22:03:18'),('HZmiY','test-4',0,2500,25,5,0,0,0,0,0,'2022-08-29 22:03:18','2022-08-29 22:03:18'),('i6bPY','test-4',0,2500,25,5,0,0,0,0,0,'2022-08-29 22:02:31','2022-08-29 22:02:31'),('iFwIf','test-4',0,2500,25,5,0,0,0,0,0,'2022-08-29 22:02:31','2022-08-29 22:02:31'),('IOvrs','test-4',0,2500,25,5,0,0,0,0,0,'2022-08-29 22:06:52','2022-08-29 22:06:52'),('iyOPp','test-4',0,2500,25,5,0,0,0,0,0,'2022-08-29 22:03:19','2022-08-29 22:03:19'),('j0CoJ','test-4',0,2500,25,5,0,0,0,0,0,'2022-08-29 22:03:19','2022-08-29 22:03:19'),('Jb0In','test-4',0,2500,25,5,0,0,0,0,0,'2022-08-29 22:02:31','2022-08-29 22:02:31'),('jJmVs','test-4',0,2500,25,5,0,0,0,0,0,'2022-08-29 22:02:31','2022-08-29 22:02:31'),('JmTEr','test-4',0,2500,25,5,0,0,0,0,0,'2022-08-29 22:03:18','2022-08-29 22:03:18'),('JOJiN','test-4',0,2500,25,5,0,0,0,0,0,'2022-08-29 22:07:48','2022-08-29 22:07:48'),('JTesZ','test-4',0,2500,25,5,0,0,0,0,0,'2022-08-29 22:07:47','2022-08-29 22:07:47'),('JtN2E','test-4',0,2500,25,5,0,0,0,0,0,'2022-08-29 22:03:18','2022-08-29 22:03:18'),('JwZ6E','test-4',0,2500,25,5,0,0,0,0,0,'2022-08-29 22:03:18','2022-08-29 22:03:18'),('K7RRP','test-4',0,2500,25,5,0,0,0,0,0,'2022-08-29 22:03:19','2022-08-29 22:03:19'),('kCpMn','test-4',0,2500,25,5,0,0,0,0,0,'2022-08-29 22:02:31','2022-08-29 22:02:31'),('KfTK2','test-4',0,2500,25,5,0,0,0,0,0,'2022-08-29 22:03:18','2022-08-29 22:03:18'),('kFwd3','test-4',0,2500,25,5,0,0,0,0,0,'2022-08-29 22:07:48','2022-08-29 22:07:48'),('kLFfl','test-4',0,2500,25,5,0,0,0,0,0,'2022-08-29 22:07:47','2022-08-29 22:07:47'),('KnybS','test-4',0,2500,25,5,0,0,0,0,0,'2022-08-29 22:03:19','2022-08-29 22:03:19'),('kV0Bn','test-4',0,2500,25,5,0,0,0,0,0,'2022-08-29 22:03:18','2022-08-29 22:03:18'),('KZCmh','test-4',0,2500,25,5,0,0,0,0,0,'2022-08-29 22:06:52','2022-08-29 22:06:52'),('KZLVG','test-4',0,2500,25,5,0,0,0,0,0,'2022-08-29 22:03:18','2022-08-29 22:03:18'),('l7SL0','test-game-3',0,2500,25,5,0,0,0,4,3,'2022-08-27 06:51:26','2022-08-27 06:51:05'),('lAqSy','test-4',0,2500,25,5,0,0,0,0,0,'2022-08-29 22:03:18','2022-08-29 22:03:18'),('LfPxL','test-4',0,2500,25,5,0,0,0,0,0,'2022-08-29 22:06:51','2022-08-29 22:06:51'),('LGzaI','test-4',0,2500,25,5,0,0,0,0,0,'2022-08-29 22:06:52','2022-08-29 22:06:52'),('LtUbb','test-4',0,2500,25,5,0,0,0,0,0,'2022-08-29 22:03:18','2022-08-29 22:03:18'),('lvjlh','test-4',0,2500,25,5,0,0,0,0,0,'2022-08-29 22:03:18','2022-08-29 22:03:18'),('LwxGt','test-4',0,2500,25,5,0,0,0,0,0,'2022-08-29 22:02:31','2022-08-29 22:02:31'),('m3Jua','test-4',0,2500,25,5,0,0,0,0,0,'2022-08-29 22:03:18','2022-08-29 22:03:18'),('M9DFW','test-game-1',0,2500,25,5,0,0,0,0,0,'2022-01-14 22:35:25','2022-01-14 22:35:25'),('M9Fr7','test-4',0,2500,25,5,0,0,0,0,0,'2022-08-29 22:03:18','2022-08-29 22:03:18'),('manC6','test-4',0,2454,24.541710691726323,3.2809612414391554,16,13,1,30,0,'2022-03-12 02:23:19','2022-01-10 22:31:01'),('manC6','test-game-1',0,2488,24.877147153852587,2.2520300267711133,46,46,0,92,100,'2022-04-01 05:22:47','2022-01-14 19:59:35'),('manC6','test-game-2',0,2041,20.40755004998364,4.728934053528145,1,2,0,3,0,'2022-03-12 02:23:54','2022-01-16 18:17:34'),('manC6','test-game-3',0,2500,25,5,0,0,0,0,0,'2022-03-25 23:14:52','2022-03-25 23:14:52'),('manC6','tictactoe',0,3060,30.604581325472406,1.0082242345250534,166,148,4,47,0,'2022-01-12 23:41:03','2021-11-23 05:21:27'),('manC6','trivia',0,1235,12.345106882175255,1.499609826419464,1,0,0,1,0,'2022-01-11 00:51:02','2021-12-18 03:00:41'),('mclrY','test-4',0,2500,25,5,0,0,0,0,0,'2022-08-29 22:02:31','2022-08-29 22:02:31'),('mhR2j','test-4',0,2500,25,5,0,0,0,0,0,'2022-08-29 22:03:18','2022-08-29 22:03:18'),('mIQ5Z','test-4',0,2500,25,5,0,0,0,0,0,'2022-08-29 22:03:18','2022-08-29 22:03:18'),('mOTO1','test-4',0,2500,25,5,0,0,0,0,0,'2022-08-29 22:03:18','2022-08-29 22:03:18'),('mqVAH','test-4',0,2500,25,5,0,0,0,0,0,'2022-08-29 22:02:31','2022-08-29 22:02:31'),('msfPv','test-4',0,2500,25,5,0,0,0,0,0,'2022-08-29 22:03:18','2022-08-29 22:03:18'),('mUfQI','test-4',0,2500,25,5,0,0,0,0,0,'2022-08-29 22:02:31','2022-08-29 22:02:31'),('mUVvk','test-game-1',0,2500,25,5,0,0,0,0,0,'2022-01-15 02:49:15','2022-01-15 02:49:15'),('mWKVS','test-4',0,2500,25,5,0,0,0,0,0,'2022-08-29 22:06:52','2022-08-29 22:06:52'),('myJfY','test-4',0,2500,25,5,0,0,0,0,0,'2022-08-29 22:03:18','2022-08-29 22:03:18'),('NELFP','test-4',0,2500,25,5,0,0,0,0,0,'2022-08-29 22:07:48','2022-08-29 22:07:48'),('niFfd','test-4',0,2500,25,5,0,0,0,0,0,'2022-08-29 22:02:31','2022-08-29 22:02:31'),('npTiv','test-4',0,2500,25,5,0,0,0,0,0,'2022-08-29 22:02:31','2022-08-29 22:02:31'),('NQ7cR','test-4',0,2500,25,5,0,0,0,0,0,'2022-08-29 22:03:18','2022-08-29 22:03:18'),('NSPHs','test-4',0,2500,25,5,0,0,0,0,0,'2022-01-15 03:05:59','2022-01-15 03:05:59'),('NSPHs','test-game-1',0,2921,29.21210374019649,4.641948618840609,4,0,0,4,0,'2022-01-15 08:31:12','2022-01-15 03:05:09'),('NYqLL','test-4',0,2500,25,5,0,0,0,0,0,'2022-08-29 22:03:18','2022-08-29 22:03:18'),('ODOfx','test-game-1',0,2500,25,5,0,0,0,0,0,'2022-01-15 22:07:19','2022-01-15 22:07:19'),('ODOfx','test-game-3',0,2500,25,5,0,0,0,1,3,'2022-08-22 13:52:40','2022-08-22 13:52:40'),('Ok4cb','test-game-1',0,2500,25,5,0,0,0,0,0,'2022-01-15 00:45:17','2022-01-15 00:45:17'),('oLNvI','test-4',0,2500,25,5,0,0,0,0,0,'2022-08-29 22:03:18','2022-08-29 22:03:18'),('pbXkC','test-4',0,2500,25,5,0,0,0,0,0,'2022-08-29 22:03:18','2022-08-29 22:03:18'),('PCqoL','test-4',0,2500,25,5,0,0,0,0,0,'2022-08-29 22:07:47','2022-08-29 22:07:47'),('pd6bj','test-4',0,2500,25,5,0,0,0,0,0,'2022-08-29 22:03:18','2022-08-29 22:03:18'),('PNOZ6','test-4',0,2500,25,5,0,0,0,0,0,'2022-08-29 22:07:09','2022-08-29 22:07:09'),('pUV74','test-4',0,2500,25,5,0,0,0,0,0,'2022-08-29 22:06:51','2022-08-29 22:06:51'),('PwySJ','test-4',0,2500,25,5,0,0,0,0,0,'2022-08-29 22:06:52','2022-08-29 22:06:52'),('Px6RZ','test-4',0,2500,25,5,0,0,0,0,0,'2022-08-29 22:03:18','2022-08-29 22:03:18'),('Q6U9m','test-game-1',0,2494,24.937680911768062,4.461673085642494,3,3,0,6,100,'2022-08-30 02:35:43','2022-08-29 15:47:49'),('Q6U9m','test-game-3',0,2500,25,5,0,0,0,341,8,'2022-08-30 02:17:57','2022-08-27 06:57:47'),('qiQ2v','test-4',0,2500,25,5,0,0,0,0,0,'2022-08-29 22:03:18','2022-08-29 22:03:18'),('QiqUp','test-4',0,2500,25,5,0,0,0,0,0,'2022-08-29 22:06:52','2022-08-29 22:06:52'),('qJ7pV','test-4',0,2500,25,5,0,0,0,0,0,'2022-08-29 22:06:51','2022-08-29 22:06:51'),('qN835','test-4',0,2500,25,5,0,0,0,0,0,'2022-08-29 22:03:18','2022-08-29 22:03:18'),('Qngrk','test-4',0,2500,25,5,0,0,0,0,0,'2022-08-29 22:06:52','2022-08-29 22:06:52'),('qswZD','test-game-1',0,2079,20.787896259803507,4.641948618840609,0,4,0,4,0,'2022-01-15 08:31:12','2022-01-15 07:11:06'),('Qw2go','test-4',0,2500,25,5,0,0,0,0,0,'2022-08-29 22:03:18','2022-08-29 22:03:18'),('r07UE','test-4',0,2500,25,5,0,0,0,0,0,'2022-08-29 22:03:18','2022-08-29 22:03:18'),('R9Prv','test-4',0,2500,25,5,0,0,0,0,0,'2022-08-29 22:03:18','2022-08-29 22:03:18'),('RBvzM','test-4',0,2500,25,5,0,0,0,0,0,'2022-08-29 22:03:18','2022-08-29 22:03:18'),('rGaRP','test-game-1',0,2506,25.062319088231945,4.461673085642494,3,3,0,6,0,'2022-08-30 02:35:43','2022-08-29 16:29:28'),('RoJzN','test-4',0,2500,25,5,0,0,0,0,0,'2022-01-16 03:19:36','2022-01-16 03:19:36'),('RoJzN','test-game-1',0,2500,25,5,0,0,0,0,0,'2022-01-16 03:13:40','2022-01-16 03:13:40'),('RoJzN','test-game-2',0,2500,25,5,0,0,0,0,0,'2022-01-16 03:19:38','2022-01-16 03:19:38'),('Rqxrc','test-4',0,2500,25,5,0,0,0,0,0,'2022-08-29 22:03:19','2022-08-29 22:03:19'),('rvx0P','test-4',0,2500,25,5,0,0,0,0,0,'2022-08-29 22:03:19','2022-08-29 22:03:19'),('rWJb7','test-4',0,2500,25,5,0,0,0,0,0,'2022-08-29 22:03:18','2022-08-29 22:03:18'),('S57vB','test-4',0,2500,25,5,0,0,0,0,0,'2022-08-29 22:03:19','2022-08-29 22:03:19'),('S9Hp6','test-4',0,2500,25,5,0,0,0,0,0,'2022-08-29 22:06:52','2022-08-29 22:06:52'),('S9uNp','test-4',0,2500,25,5,0,0,0,0,0,'2022-01-15 01:30:12','2022-01-15 01:30:12'),('S9uNp','test-game-1',0,2500,25,5,0,0,0,0,0,'2022-01-15 01:46:27','2022-01-15 01:46:27'),('SeVRn','test-game-1',0,2500,25,5,0,0,0,0,0,'2022-01-14 22:52:30','2022-01-14 22:52:30'),('sRcfT','test-game-3',0,2500,25,5,0,0,0,1,3,'2022-08-20 03:10:39','2022-08-20 03:10:39'),('sZ5mD','test-4',0,2500,25,5,0,0,0,0,0,'2022-08-29 22:03:19','2022-08-29 22:03:19'),('TDk5L','test-4',0,2500,25,5,0,0,0,0,0,'2022-08-29 22:06:52','2022-08-29 22:06:52'),('TdrAo','test-4',0,2500,25,5,0,0,0,0,0,'2022-08-29 22:06:52','2022-08-29 22:06:52'),('TeHx6','test-4',0,2500,25,5,0,0,0,0,0,'2022-08-29 22:03:18','2022-08-29 22:03:18'),('Tj6xG','test-4',0,2500,25,5,0,0,0,0,0,'2022-08-29 22:07:48','2022-08-29 22:07:48'),('TJQFd','test-4',0,2500,25,5,0,0,0,0,0,'2022-08-29 22:03:18','2022-08-29 22:03:18'),('to2yx','test-4',0,2500,25,5,0,0,0,0,0,'2022-08-29 22:06:51','2022-08-29 22:06:51'),('U0O0N','test-4',0,2500,25,5,0,0,0,0,0,'2022-08-29 22:07:09','2022-08-29 22:07:09'),('U9AdF','test-4',0,2500,25,5,0,0,0,0,0,'2022-08-29 22:03:18','2022-08-29 22:03:18'),('Ud3rD','test-4',0,2500,25,5,0,0,0,0,0,'2022-08-29 22:03:19','2022-08-29 22:03:19'),('uey9P','test-4',0,2500,25,5,0,0,0,0,0,'2022-08-29 22:03:18','2022-08-29 22:03:18'),('UKvnP','test-4',0,2500,25,5,0,0,0,0,0,'2022-08-29 22:02:31','2022-08-29 22:02:31'),('uLKxj','test-4',0,2500,25,5,0,0,0,0,0,'2022-08-29 22:06:51','2022-08-29 22:06:51'),('UPzVH','test-4',0,2500,25,5,0,0,0,0,0,'2022-08-29 22:03:18','2022-08-29 22:03:18'),('URqPv','test-4',0,2500,25,5,0,0,0,0,0,'2022-08-29 22:07:09','2022-08-29 22:07:09'),('uW8V7','test-4',0,2500,25,5,0,0,0,0,0,'2022-08-29 22:03:18','2022-08-29 22:03:18'),('v4hZ5','test-4',0,2500,25,5,0,0,0,0,0,'2022-08-29 22:02:31','2022-08-29 22:02:31'),('v4Iw6','test-4',0,2500,25,5,0,0,0,0,0,'2022-08-29 22:03:19','2022-08-29 22:03:19'),('v71yc','test-4',0,2500,25,5,0,0,0,0,0,'2022-08-29 22:03:18','2022-08-29 22:03:18'),('vBvtE','test-4',0,2500,25,5,0,0,0,0,0,'2022-08-29 22:03:18','2022-08-29 22:03:18'),('vGQey','test-game-3',0,2500,25,5,0,0,0,2,3,'2022-03-27 18:21:55','2022-03-27 18:21:21'),('vispg','test-4',0,2500,25,5,0,0,0,0,0,'2022-08-29 22:07:48','2022-08-29 22:07:48'),('vjlyF','test-4',0,2500,25,5,0,0,0,0,0,'2022-08-29 22:06:51','2022-08-29 22:06:51'),('vSv1P','test-4',0,2500,25,5,0,0,0,0,0,'2022-08-29 22:03:18','2022-08-29 22:03:18'),('w3d1y','test-4',0,2500,25,5,0,0,0,0,0,'2022-08-29 22:03:18','2022-08-29 22:03:18'),('w3EJV','test-4',0,2500,25,5,0,0,0,0,0,'2022-08-29 22:03:18','2022-08-29 22:03:18'),('W9RIM','test-4',0,2500,25,5,0,0,0,0,0,'2022-08-29 22:03:18','2022-08-29 22:03:18'),('wagFP','test-game-3',0,2500,25,5,0,0,0,1,3,'2022-08-21 05:03:27','2022-08-21 05:03:11'),('wQhkO','test-4',0,2500,25,5,0,0,0,0,0,'2022-08-29 22:06:51','2022-08-29 22:06:51'),('WRhhQ','test-4',0,2500,25,5,0,0,0,0,0,'2022-08-29 22:03:18','2022-08-29 22:03:18'),('WSTd1','test-4',0,2500,25,5,0,0,0,0,0,'2022-08-29 22:03:18','2022-08-29 22:03:18'),('wuQ5S','test-4',0,2500,25,5,0,0,0,0,0,'2022-08-29 22:03:18','2022-08-29 22:03:18'),('x2KZ2','test-4',0,2500,25,5,0,0,0,0,0,'2022-08-29 22:03:18','2022-08-29 22:03:18'),('xiZCg','test-4',0,2500,25,5,0,0,0,0,0,'2022-08-29 22:03:18','2022-08-29 22:03:18'),('XJL0M','test-4',0,2500,25,5,0,0,0,0,0,'2022-08-29 22:03:18','2022-08-29 22:03:18'),('XvAWX','test-4',0,2500,25,5,0,0,0,0,0,'2022-08-29 22:03:18','2022-08-29 22:03:18'),('xVoga','test-4',0,2500,25,5,0,0,0,0,0,'2022-08-29 22:06:51','2022-08-29 22:06:51'),('ybLU7','test-4',0,2500,25,5,0,0,0,0,0,'2022-08-29 22:03:18','2022-08-29 22:03:18'),('yn58A','test-4',0,2500,25,5,0,0,0,0,0,'2022-08-29 22:06:52','2022-08-29 22:06:52'),('YsDBm','test-4',0,2500,25,5,0,0,0,0,0,'2022-08-29 22:03:18','2022-08-29 22:03:18'),('Ysepi','test-4',0,2500,25,5,0,0,0,0,0,'2022-08-29 22:02:31','2022-08-29 22:02:31'),('YVJqM','test-4',0,2500,25,5,0,0,0,0,0,'2022-08-29 22:06:52','2022-08-29 22:06:52'),('YWBPI','test-4',0,2500,25,5,0,0,0,0,0,'2022-08-29 22:03:19','2022-08-29 22:03:19'),('YZERY','test-game-1',0,2500,25,5,0,0,0,0,0,'2022-01-15 00:52:38','2022-01-15 00:52:38'),('YZv8H','test-4',0,2500,25,5,0,0,0,0,0,'2022-08-29 22:03:19','2022-08-29 22:03:19'),('ZghcY','test-4',0,2500,25,5,0,0,0,0,0,'2022-08-29 22:03:18','2022-08-29 22:03:18'),('ZJdjZ','test-4',0,2500,25,5,0,0,0,0,0,'2022-08-29 22:03:18','2022-08-29 22:03:18'),('zL0uD','test-4',0,2500,25,5,0,0,0,0,0,'2022-08-29 22:07:47','2022-08-29 22:07:47'),('ztHdu','test-4',0,2500,25,5,0,0,0,0,0,'2022-08-29 22:03:18','2022-08-29 22:03:18'),('zXyvL','test-4',0,2500,25,5,0,0,0,0,0,'2022-08-29 22:03:18','2022-08-29 22:03:18'),('ZYoIB','test-game-1',0,2500,25,5,0,0,0,0,0,'2022-01-14 22:50:18','2022-01-14 22:50:18'),('ZyuWi','test-game-1',0,2500,25,5,0,0,0,0,0,'2022-06-22 02:25:53','2022-06-22 02:25:53'),('ZZYFl','test-4',0,2500,25,5,0,0,0,0,0,'2022-08-29 22:03:18','2022-08-29 22:03:18');
/*!40000 ALTER TABLE `person_rank` ENABLE KEYS */;
UNLOCK TABLES;

--
-- Table structure for table `person_room`
--

DROP TABLE IF EXISTS `person_room`;
/*!40101 SET @saved_cs_client     = @@character_set_client */;
/*!50503 SET character_set_client = utf8mb4 */;
CREATE TABLE `person_room` (
  `shortid` varchar(32) NOT NULL,
  `game_slug` varchar(32) DEFAULT NULL,
  `room_slug` varchar(32) NOT NULL,
  `tsupdate` datetime NOT NULL,
  `tsinsert` datetime NOT NULL,
  `mode` varchar(32) DEFAULT NULL,
  `version` int DEFAULT NULL,
  PRIMARY KEY (`shortid`,`room_slug`),
  KEY `shortid_index` (`shortid`),
  KEY `room_slug_index` (`room_slug`) /*!80000 INVISIBLE */,
  KEY `game_slug_index` (`game_slug`) /*!80000 INVISIBLE */,
  KEY `roomgame_slug_index` (`game_slug`,`room_slug`)
) ENGINE=InnoDB DEFAULT CHARSET=utf8;
/*!40101 SET character_set_client = @saved_cs_client */;

--
-- Dumping data for table `person_room`
--

LOCK TABLES `person_room` WRITE;
/*!40000 ALTER TABLE `person_room` DISABLE KEYS */;
/*!40000 ALTER TABLE `person_room` ENABLE KEYS */;
UNLOCK TABLES;

--
-- Table structure for table `platform_versions`
--

DROP TABLE IF EXISTS `platform_versions`;
/*!40101 SET @saved_cs_client     = @@character_set_client */;
/*!50503 SET character_set_client = utf8mb4 */;
CREATE TABLE `platform_versions` (
  `type` int NOT NULL,
  `version` int NOT NULL DEFAULT '0',
  `tsupdate` datetime DEFAULT NULL,
  `tsinsert` datetime DEFAULT NULL,
  PRIMARY KEY (`type`)
) ENGINE=InnoDB DEFAULT CHARSET=utf8;
/*!40101 SET character_set_client = @saved_cs_client */;

--
-- Dumping data for table `platform_versions`
--

LOCK TABLES `platform_versions` WRITE;
/*!40000 ALTER TABLE `platform_versions` DISABLE KEYS */;
INSERT INTO `platform_versions` VALUES (1,2,'2022-01-12 17:20:39','2022-01-12 17:20:39');
/*!40000 ALTER TABLE `platform_versions` ENABLE KEYS */;
UNLOCK TABLES;

--
-- Table structure for table `server`
--

DROP TABLE IF EXISTS `server`;
/*!40101 SET @saved_cs_client     = @@character_set_client */;
/*!50503 SET character_set_client = utf8mb4 */;
CREATE TABLE `server` (
  `id` bigint NOT NULL,
  `hostname` varchar(45) NOT NULL,
  `zone` int NOT NULL,
  `instance_type` int NOT NULL,
  `player_count` int DEFAULT '0',
  `game_count` int DEFAULT '0',
  `public_addr` varchar(24) DEFAULT NULL,
  `private_addr` varchar(24) DEFAULT NULL,
  `connect_addr` varchar(45) DEFAULT NULL,
  `tsupdate` datetime DEFAULT NULL,
  `tsinsert` datetime DEFAULT NULL,
  PRIMARY KEY (`id`),
  UNIQUE KEY `public_addr_UNIQUE` (`public_addr`)
) ENGINE=InnoDB DEFAULT CHARSET=utf8;
/*!40101 SET character_set_client = @saved_cs_client */;

--
-- Dumping data for table `server`
--

LOCK TABLES `server` WRITE;
/*!40000 ALTER TABLE `server` DISABLE KEYS */;
INSERT INTO `server` VALUES (1234,'mq-cluster-1',0,5,0,0,'127.0.0.1:5672','127.0.0.1:5672',NULL,'2021-05-09 15:29:50','2021-03-21 04:34:07'),(6779144424308867072,'redis-cluster-1',0,2,0,0,'127.0.0.1:6379','127.0.0.1:6379',NULL,'2021-04-29 22:44:01','2021-03-20 20:59:41'),(6779156509063380992,'wsnode',0,1,0,0,'127.0.0.1:9002',':9002',NULL,'2022-08-30 02:34:34','2021-03-20 21:47:42'),(6779258786507915264,'gameserver',0,3,0,0,'127.0.0.1:9100','192.168.0.9:9100',NULL,'2021-05-15 19:59:29','2021-03-21 04:34:07'),(6799740688205348864,'gameserver-1',0,3,0,0,'127.0.0.1:','192.168.1.117',NULL,'2021-09-19 05:08:33','2021-05-16 17:01:53'),(6883286986841391104,'wsnode',0,1,0,0,'192.168.1.46:9002',':9002',NULL,'2022-01-16 03:25:37','2022-01-02 06:05:02');
/*!40000 ALTER TABLE `server` ENABLE KEYS */;
UNLOCK TABLES;

--
-- Table structure for table `server_type`
--

DROP TABLE IF EXISTS `server_type`;
/*!40101 SET @saved_cs_client     = @@character_set_client */;
/*!50503 SET character_set_client = utf8mb4 */;
CREATE TABLE `server_type` (
  `id` int NOT NULL,
  `type` varchar(45) DEFAULT NULL,
  PRIMARY KEY (`id`)
) ENGINE=InnoDB DEFAULT CHARSET=utf8;
/*!40101 SET character_set_client = @saved_cs_client */;

--
-- Dumping data for table `server_type`
--

LOCK TABLES `server_type` WRITE;
/*!40000 ALTER TABLE `server_type` DISABLE KEYS */;
INSERT INTO `server_type` VALUES (1,'Node'),(2,'Redis'),(3,'Game Server'),(4,'API'),(5,'MQ');
/*!40000 ALTER TABLE `server_type` ENABLE KEYS */;
UNLOCK TABLES;
/*!40103 SET TIME_ZONE=@OLD_TIME_ZONE */;

/*!40101 SET SQL_MODE=@OLD_SQL_MODE */;
/*!40014 SET FOREIGN_KEY_CHECKS=@OLD_FOREIGN_KEY_CHECKS */;
/*!40014 SET UNIQUE_CHECKS=@OLD_UNIQUE_CHECKS */;
/*!40101 SET CHARACTER_SET_CLIENT=@OLD_CHARACTER_SET_CLIENT */;
/*!40101 SET CHARACTER_SET_RESULTS=@OLD_CHARACTER_SET_RESULTS */;
/*!40101 SET COLLATION_CONNECTION=@OLD_COLLATION_CONNECTION */;
/*!40111 SET SQL_NOTES=@OLD_SQL_NOTES */;

-- Dump completed on 2022-08-29 21:41:50
